page,place1,place2,place3,place4,place5,place6,place7,place8,place9,place10,place11,place12,place13,place14,place15,place16,place17,place18,place19,place20,place21,place22,place23,place24,place25,place26,place27,place28,place29
1,Republic_of_Texas,United_States,United_States,Columbia,United_States,Town_of_Columbia,United_States,Texas,,,,,,,,,,,,,,,,,,,,,
2,United States,United_States,Republic_of_Texas,Hamilton_Bee_Clerk,New_Orleans,United_States,United_States,Houston,United_States,Texas,,,,,,,,,,,,,,,,,,,
3,United States,Hamilton,United_States,New_Orleans,United_States,United_States,Texas,United_States,New_Orleans,Texas,Texas,,,,,,,,,,,,,,,,,,
4,United States,Texas,Washington,United_States,Mexico,United_States,United_States,Texas,United_States,American,United_States,Texas,Sinate_Doa.,Texas,Sabine_Lake,Mexico,United_States,Texas,Mexico,,,,,,,,,,
5,United States,United_States,Delawares,Creek,Chero,United_States,United_States,Missouri,Texas,United_States,Austin,,,,,,,,,,,,,,,,,,
6,London,United_States,Texas,United_States,Texas,Texas,,,,,,,,,,,,,,,,,,,,,,,
7,United States,Texas_Washington,Honl_A_Sidney,Red_River,Texas,Texas,Red_River,Red_River,Trinity_River,United_States,Arkansas_River,Texas,United_States,Red_River,Austin,Austin,,,,,,,,,,,,,
8,United States,United_States,Texas,United_States,Texas,United_States,Burnet,,,,,,,,,,,,,,,,,,,,,,
9,United States,Texas,United_States,United_States_Austin,Texas,Texas,Texas,,,,,,,,,,,,,,,,,,,,,,
10,Texas,United_States,United_States,Republic_of_Texas,Bacon,,,,,,,,,,,,,,,,,,,,,,,,
11,Red_River_County,Red_River,Texas,,,,,,,,,,,,,,,,,,,,,,,,,,
12,United States,,,,,,,,,,,,,,,,,,,,,,,,,,,,
13,United States,Texas,Texas,,,,,,,,,,,,,,,,,,,,,,,,,,
14,Matagorda,Matagorda,Matagorda,United_States,Republic_of_Texas,Fort_Smith,United_States,Fannin,Texas,Waples,,,,,,,,,,,,,,,,,,,
15,Fort_Smith,United_States,Fort_Smith,United_States,Ambas,Texas,France,Great_Britain,United_States,New_York,Europe,Bumet,,,,,,,,,,,,,,,,,
16,Texas,France,England,Texas,France,Great_Britain,United_States,Texas,United_States,Texas,Texas,United_States,United_States,,,,,,,,,,,,,,,,
17,United States,Texas,Washington,Texas,United_States,Matagorda_District,Matagorda,New_York,Texas,,,,,,,,,,,,,,,,,,,,
18,United States,Texas_County,Said_County,Red_River,County,Red_River_District,North_Side_of_Red_River,North_Side_of_Red_River,Fort_Smith,Arkansas_River,Texas,Waples,Texas,,,,,,,,,,,,,,,,
19,Arkansas_River,Arkansas_River,Israel_Gables,County,County,Rowlett,Texas,Texas,,,,,,,,,,,,,,,,,,,,,
20,Colorado,Guadaloupe,Victoria,County,Bastrop,Lynnville,Lynnville,Labacca_Bay,Arkansas,Mexico,,,,,,,,,,,,,,,,,,,
21,Austin,United_States,Galves,Texas,,,,,,,,,,,,,,,,,,,,,,,,,
22,Austin,United_States,United_Staies_Waples,Washington,Mexico,Texas,United_States,Washington,,,,,,,,,,,,,,,,,,,,,
23,New Orleans,Texa,Washington_City_Waples,United_States,Republic_of_Texas,Republic_of_Texas,Great_Britain,United_States_Waples,United_States,Great_Britain,Texas,Texas,Texas,Texas,Great_Britain,,,,,,,,,,,,,,
24,United States,Austin,Republic_of_Texas,United_States,England,Texas,Great_Britain,Texas,United_States,United_States,Texas,Austin,Texas,Texas,Waples,Texas,,,,,,,,,,,,,
25,United_States_District_Court,Louisiana,New_Orleans,United_States,United_States,United_States,Texas,United_States,United_States,Texas,United_States,Texas,Austin,Texas,,,,,,,,,,,,,,,
26,Washington,United_States,Mexico,United_States,United_States,United_States,United_States,Washington,United_States,United_States,New_York,United_States,Red_River,,,,,,,,,,,,,,,,
27,United States,United_States,Mexico,United_States,United_States,United_States,Texas,Texas,,,,,,,,,,,,,,,,,,,,,
28,United States,Mexico,England,Holland,United_States,Mexico,Washington,,,,,,,,,,,,,,,,,,,,,,
29,United States,THE_Republic,Texas,Austin,United_States_of_North_America,Texas,France,France,Texas,,,,,,,,,,,,,,,,,,,,
30,Austin,France,Texas,United_States,France,United_States,France,Texas,,,,,,,,,,,,,,,,,,,,,
31,Republic_of_Texas,France,France,,,,,,,,,,,,,,,,,,,,,,,,,,
32,Austin,Republic_of_Texas,United_States,United_States,Mexico,United_States,Texas,United_States,United_States,Mexico,Texas,Majfleld,,,,,,,,,,,,,,,,,
33,Mexico,Mexico,United_States,United_States,Mexico,United_States,Mexico_City,United_States,,,,,,,,,,,,,,,,,,,,,
34,United States,United_States,Texas,United_Mexican_States,Mississippi,Texas,United_States,America,United_States,United_States,Texas,Texas,,,,,,,,,,,,,,,,,
35,United States,United_States,United_States,United_States,Spain,Spain,Texas,Spain,Cuba,Texas,Spain,Mexico,United_States,United_States,,,,,,,,,,,,,,,
36,Mexico,Mexico,Amort,United_States,United_States,United_States,Washington,Washington,France,Texas,,,,,,,,,,,,,,,,,,,
37,United States,United_States,Washington_City,United_States,Austin,Houston,Waples,Correspondeiice,United_States,Texas,,,,,,,,,,,,,,,,,,,
38,Galveston,United_States,United_States,Mexico,United_States,Texas,The_Sabine,United_States,United_States,Spain,Mississippi,United_States,Mississippi,United_States,Mississippi,,,,,,,,,,,,,,
39,United States,Spain,Spain,United_States,United_States,Spain,United_States,River,United_States,United_States,Natchitoches,Red_River,Indian,United_States,Mexico,Texas,United_States,,,,,,,,,,,,
40,United States,United_States,United_States,Mexico,Mexico,United_States,United_States,,,,,,,,,,,,,,,,,,,,,,
41,United States,United_States,United_States,Austin,United_States,Galveston,Santa,Brushy,Galveston,,,,,,,,,,,,,,,,,,,,
42,Mexico,Santa,United_States,Washington,Mexico,Mexico,,,,,,,,,,,,,,,,,,,,,,,
43,United States,Washington,United_States,Galveston,Texas,Hamilton,Great_Britain,,,,,,,,,,,,,,,,,,,,,,
44,Austin,United_States,Louisiana,Louisiana,Texas,United_States,Texas,Texas,,,,,,,,,,,,,,,,,,,,,
45,Texas,United_States,United_States,Texas,Louisi,United_States,United_States,United_States,United_States,France,,,,,,,,,,,,,,,,,,,
46,United States,United_States,United_States,Arkansas,Texas,,,,,,,,,,,,,,,,,,,,,,,,
47,Washington,Mississippi,United_States,Red_River,United_States,United_States,United_States,,,,,,,,,,,,,,,,,,,,,,
48,United States,United_States,Europe,Vienna,Washington,United_States,,,,,,,,,,,,,,,,,,,,,,,
49,United States,United_States,Spain,Mississippi,Red_River_District,Sabine,United_States,United_States,,,,,,,,,,,,,,,,,,,,,
50,United States,France,United_States,United_States,Houston,Texas,Houston,,,,,,,,,,,,,,,,,,,,,,
51,Houston,Texas,Louisiana,United_States_of_America,San_Antonio,New_Orleans,Louisiana,Houston,Houston,Texas,Louisana,United_States,Texas,Texas,,,,,,,,,,,,,,,
52,Louisiana,San_Antonio,New_Orleans,Washington,,,,,,,,,,,,,,,,,,,,,,,,,
53,Houston,Poufief,Texas,Archee,Washington,Texas,Texas,United_States,Texas,United_States,Texas,Louisiana,United_States,United_States,,,,,,,,,,,,,,,
54,Texas,Texas,Waco_Village,Waco_Village,Texas,Mexico,Texas,Waco_Village,United_States,United_States,,,,,,,,,,,,,,,,,,,
55,Mexico,Texas,Mexico,Mexico,Rio_Grande,,,,,,,,,,,,,,,,,,,,,,,,
56,United States,United_States,Parti,United_States,United_States,,,,,,,,,,,,,,,,,,,,,,,,
57,United States,Texas_Washinffton_City,Texas,United_States,Fayette,Texas,Texas,United_States,,,,,,,,,,,,,,,,,,,,,
58,Missouri,Fayette_Texas,United_States,Fort_Towson,Arkansas,Washington,Texas,Fayette,Texas,United_States,Fort_Gibson,Fort_Towson,United_States,Texas,Fort_Gibson,Fort_Towson,,,,,,,,,,,,,
59,Arkansas,Texas,United_States,Texas,United_States,Texas,Texas,United_States,Texas,United_States,Waco_Village,Arkansas,United_States,Texas,,,,,,,,,,,,,,,
60,Texas,United_States,Texas,United_States,United_States,United_States,Texas,United_States,United_States,Texas,Texas,Texas,United_States,Republic_of_Texas,Texas,Texas,United_States,Waco,Brazos_river,Texas,United_States_of_America,Texas,,,,,,,
61,United States,Texas,United_States,United_States,United_States,Texas,United_States,Texas,United_States,United_States,Texas,Texas,United_States,United_States,Texas,Texas,United_States,Texas,United_States,United_States,,,,,,,,,
62,Texas,Texas,United_States,United_States,United_States,Texas,United_States,Mexico,United_States,Texas,United_States,Texas,Texas,United_States,Amory,United_States,United_States,,,,,,,,,,,,
63,Texas,United_States,United_States_Bank,Mexico,Texas,Texas,Mexico_City,Mexico,,,,,,,,,,,,,,,,,,,,,
64,Mexico,Mexico,United_States,Rio_Grande,Mexico,Cali,Monterey,United_States,,,,,,,,,,,,,,,,,,,,,
65,California,Mexico,Mexico,Texas,Texas,Mexico,Great_Britain,United_States,,,,,,,,,,,,,,,,,,,,,
66,United States,Waco_Village,Brazos_river,United_States,United_States,Mexico,Mexico_City,Texas,Mexico,Rio_Grande,Mexican,Texas,,,,,,,,,,,,,,,,,
67,United States,United_States,Texas,Texas,Texas,Galveston,Somerville,Rio_Grande,Laredo,United_States,,,,,,,,,,,,,,,,,,,
68,Texas,Yucatan,Spencer,United_States_Galveston,Texa,United_States,Matagorda,United_States,,,,,,,,,,,,,,,,,,,,,
69,Texas,Texas,Galveston,Texas,Republic_of_Texas,Texas,Galveston,,,,,,,,,,,,,,,,,,,,,,
70,Washington,Washington,,,,,,,,,,,,,,,,,,,,,,,,,,,
71,Texas,Texas,Texas,Texas,United_States,Europe,Washington,United_States,United_States,,,,,,,,,,,,,,,,,,,,
72,United States,Washington,Texas,,,,,,,,,,,,,,,,,,,,,,,,,,
73,Texas,Texas,Texas,United_States,Decem,United_States,Texas,United_States,United_States_Government,Texas,United_States,United_States,Texas,,,,,,,,,,,,,,,,
74,Brazos,Texas,Galveston,New_Orleans,Washington,Europe,United_States,New_Orleans,New_Orleans,Houston,Somervell,Houston,San_Augustine,Marine_Hill,,,,,,,,,,,,,,,
75,Washington,Texas,United_States,Washington,Texas,Texa,Waco_Village,Franklin,Brazos,Texas,United_States,Arkansas,United_States,United_States,Texas,Daingerfleld,,,,,,,,,,,,,
76,Mexico,United_States,Texas,United_States,United_States,Texas,Texas,United_States,United_States,,,,,,,,,,,,,,,,,,,,
77,Texas,Texas,Mexico,Texas,Rio_Grande,Mexico,France_England,United_States,Texas,Mexico,United_States,United_States,France,,,,,,,,,,,,,,,,
78,Houston,Washington,Texas,United_States,Texas,United_States,Waples,United_States_Oalveston,New_Orleans,New_Orleans,New_Orleans,Texas,Texas,,,,,,,,,,,,,,,,
79,Washington,United_States,Texas,United_States,Texas,Texas,Texas,United_States,United_States,United_States,United_States,Texas,,,,,,,,,,,,,,,,,
80,Daingerfield,Washington,Washington,West,Shawnee_Town,Ohio,Washington,,,,,,,,,,,,,,,,,,,,,,
81,United States,United_States,Texas,United_States,Texas,Texas,United_States,,,,,,,,,,,,,,,,,,,,,,
82,Texas,Texas,Republic_of_Texas,Genl_Somerville,Rio_Grande,Baltimore,Col_Dangerfield,Daingerfleld,,,,,,,,,,,,,,,,,,,,,
83,United States,United_States,Texas,United_States,Texas,United_States,United_States,Laredo,,,,,,,,,,,,,,,,,,,,,
84,Texas,Texas,Mexico,Texas,United_States,Mexico,Texas,United_States,,,,,,,,,,,,,,,,,,,,,
85,United States,Mexico,Texas,Mexico,United_States,Mexico,Texas,United_States,Texas,Mexico,Mexico,,,,,,,,,,,,,,,,,,
86,Texas,England,Texas,Texas,England,Texas,United_States,United_States,Mexico,Texas,Mexico,,,,,,,,,,,,,,,,,,
87,France,Texas,United_States,Texas,Texas,Red_River_County,,,,,,,,,,,,,,,,,,,,,,,
88,United States,Texas,New_Orleans,Matamoros,Mier,Saltillo,Texas,United_States,Matamoros,United_States,,,,,,,,,,,,,,,,,,,
89,Washington,United_States,Texas,Texas,United_States,Mexico,United_States,United_States,Texas,Texas,Texas,United_States,,,,,,,,,,,,,,,,,
90,United States,Texas,United_States,Texas,United_States,United_States,Texas,United_States,Texas,Texas,United_States,,,,,,,,,,,,,,,,,,
91,United States,Texas,United_States,United_States,Texas,United_States,United_States,Texas,United_States,United_States,United_States,Texas,Texas,Texas,United_States,United_States,Texas,Texas,United_States,United_States,Texas,United_States,United_States,Texas,United_States,,,,
92,United States,Texas,United_States,Texas,United_States,United_States,Texas,United_States,Texas,United_States,Europe,United_States,Texas,Texas,Texas,United_States,Mississippi,Mississippi,Texas,United_States,Texas,Texas,,,,,,,
93,United States,Texas,Texas,United_States,Spain,Mississippi,United_States,Great_Britain,United_States,Spain,United_States,United_States,,,,,,,,,,,,,,,,,
94,Texas,Texas,Texas,United_States,Texas,United_States,Texas,United_States,Texas,,,,,,,,,,,,,,,,,,,,
95,United States,Texas,United_States,Texas,United_States,Texas,United_States,United_States,United_States,United_States,Europe,Europe,United_States,United_States,United_States,Texas,United_States,United_States,United_States,United_States,,,,,,,,,
96,Texas,United_States,Texas,Texas,United_States,United_States,Texas,United_States,Texas,Eastern_Mexico,Texas,Tamaulipas,New_Leon,Durango,Coahuila,Chihuahua,Texas,San_Antonio,Texas,Mexico,Texas,Texas,,,,,,,
97,Chihuahua,Texas,Mississippi,New_Orleans,Texas,Fannin,Texas,Mexico,Texas,United_States,Texas,Texas,,,,,,,,,,,,,,,,,
98,United States,United_States,Texas,Texas,Texas,United_States,United_States,United_States,Correspandenoa,United_States,United_States,,,,,,,,,,,,,,,,,,
99,United States,Texas_Washington,United_States,Texas,Texas,Texas,Texas,United_States,Texas,,,,,,,,,,,,,,,,,,,,
100,Texas,Grovem,Texas,United_States,Mexico,Texas,Mexico_City,Texas,Mexico,,,,,,,,,,,,,,,,,,,,
101,Boston,Mexico,United_States,Texas,United_States,Texas,United_States,Texas,United_States,,,,,,,,,,,,,,,,,,,,
102,United States,Austin,Texas,Washington,Texas,United_States,Mexico_City,Texas,United_States,United_States,,,,,,,,,,,,,,,,,,,
103,United States,Mexico,Texas,Texas,United_States,Texas,Texas,Mexico,Gonzales,,,,,,,,,,,,,,,,,,,,
104,Texas,Rio_Grande,Texas,Brigr,Laredo,Gen_Somervell,Laredo,Rio_Grande,Guerrero,Guerrero,Rio_Grande,,,,,,,,,,,,,,,,,,
105,United States,Texas,Mexico,Texas,Mexico,,,,,,,,,,,,,,,,,,,,,,,,
106,Mexico,Texas,Mexico,Mexico,Texas,San_Antonio_de_Bexar,Mexico_City,Texas,Mexico,Santa_Anna,Mexico,Texas,San_Jacinto,,,,,,,,,,,,,,,,
107,Groliad,Alamo,Santa_Anna,San_Antonio,San_Jacinto,Mexico,Washington,Mexico,Texas,,,,,,,,,,,,,,,,,,,,
108,Mexico,Santa_F6,Santa_Fe,Mexico,Mexico,Mexico,Mexico_City,San_Antonio,Texas,,,,,,,,,,,,,,,,,,,,
109,Texas,Gen_WoU,Santa,Mexico,Texas,Mexico,Mexico_City,,,,,,,,,,,,,,,,,,,,,,
110,Bexar,avoca,Bexar,Texas,Bexar,Bexar,Cronzales,,,,,,,,,,,,,,,,,,,,,,
111,Santa,Mexico,Bexar,Mexico,Mexico,Texas,Texas,Texas,Perote,Texas,Mexico,Texas,Mexico,Texas,,,,,,,,,,,,,,,
112,Texas,Mexico,United_States,Porter,Webster,United_States,United_States,United_States,,,,,,,,,,,,,,,,,,,,,
113,United_States_Galveston,United_States,Texas,Texas,Mexico,United_States,Washington,United_States,Mexico,Washington,Texas,Texas,Texas,Mexico,Galveston,Washington,United_States,United_States,,,,,,,,,,,
114,Boston,England,Texas,Texas,Texas,Ohio,Indiana,Brazil,Tennessee,Venezuela,Nashvilte,,,,,,,,,,,,,,,,,,
115,Mexico,France,United_States,Texas,United_States,France,United_States,Texas,,,,,,,,,,,,,,,,,,,,,
116,Afier,United_States,Santa_Anna,Texas,Col_Daingerfield,Europe,New_York,Texas,Col_Daingerfield,Texas,Europe,Texas,Texas,New_Orleans,,,,,,,,,,,,,,,
117,United States,Texas,,,,,,,,,,,,,,,,,,,,,,,,,,,
118,Texas,Washington,Santa_Anna,Yucatan,Mexico,Texas,Mexico_City,United_States,,,,,,,,,,,,,,,,,,,,,
119,Santa_Anna,Texas,Mexico,Mexico,France,England,Texas,,,,,,,,,,,,,,,,,,,,,,
120,Alexandria,Europe,Texas,Texas,Washington,Gbdvesten,Texas,Galveston,,,,,,,,,,,,,,,,,,,,,
121,United States,Velasco,United_States,Sabine,United_States_of_North_America,Texas,Velasco,Galveston,Velasco,United_States,Texas,United_States,United_States,United_States,United_States,United_States,United_States,,,,,,,,,,,,
122,Galveston,Republic_of_Texas,Republic_of_Texas,Velasco,Velasco,,,,,,,,,,,,,,,,,,,,,,,,
123,Velasco,Texas,Texas_Washington,,,,,,,,,,,,,,,,,,,,,,,,,,
124,Virginia,Boston,Daingerfield,Baltimore,Houston,Washington,Etc.,United_States,Texas,Mexico,Mexico,Texas,Texas,,,,,,,,,,,,,,,,
125,United States,Galveston,Texas,Washington,Houston,United_States,,,,,,,,,,,,,,,,,,,,,,,
126,United States,Texas,United_States,Washington,Mexico,Texas,Mexico_City,Texas,Mexico,Yucatan,Texas,,,,,,,,,,,,,,,,,,
127,United States,Galveston,Texas,Travis_County,United_States,Austin,Washington,Washington,Texas,Colerado_River,Delaware,United_States,San_Antonio,Houston,Austfai,Texas,,,,,,,,,,,,,
128,Cheroke,Canadian_River,Texas,Washington,,,,,,,,,,,,,,,,,,,,,,,,,
129,Virginia,China,Washington,Texas,Texas,United_States,United_States,Texas,Mexico,Mexico,Texas,Mexico,Galveston,Mexico,United_States,,,,,,,,,,,,,,
130,Texas,Mexico,United_States,America,Texas,United_States,Washington,Texas,Republic_of_Texas,United_States,Galveston,,,,,,,,,,,,,,,,,,
131,Texas,United_States,United_States,Red_River,Bourland,Texas,,,,,,,,,,,,,,,,,,,,,,,
132,Clarksville,Texas,Steamer_Fort_Towson,United_States,United_States,Fort_Towson,Texas,,,,,,,,,,,,,,,,,,,,,,
133,Fort_Towson,United_States,Bourland,Texas,Red_River_District,Republic_of_Texas,Fort_Towson,Texas,Fort_Towson,Texas,Rowland,Red_River,Texas,Texas,,,,,,,,,,,,,,,
134,Texas,District,Fort_Tow,District,Texas,,,,,,,,,,,,,,,,,,,,,,,,
135,Red_River,Red_River_County,Texas,District,,,,,,,,,,,,,,,,,,,,,,,,,
136,United States,St_Louis,United_States,Texas,New_York,,,,,,,,,,,,,,,,,,,,,,,,
137,Washington,Texas,Washington,New_York,New_York,Texas,United_States,,,,,,,,,,,,,,,,,,,,,,
138,United States,New_Orleans,Texas,,,,,,,,,,,,,,,,,,,,,,,,,,
139,Washington,Texas,Rio_Grande,Santa,United_States,United_States,United_States,,,,,,,,,,,,,,,,,,,,,,
140,Texas,Houston,Houston,Galveston,United_States,United_States,Republic_of_Texas,Texas,Texas,Mexico,Texas,Mexico,United_States,San_Jacinto,,,,,,,,,,,,,,,
141,Texas,Texas,Mexico,Texas,United_States_of_North_America,Texas,Great_Britain,,,,,,,,,,,,,,,,,,,,,,
142,Texas,Mexico,Texas,United_States,Texas,Uncted_States_Franklin_County_Tenn,Texas,Texas,Houston,United_States,,,,,,,,,,,,,,,,,,,
143,United States,United_States,Texas,United_States,Texas,Mexico,United_States,Ifidian,Texas,,,,,,,,,,,,,,,,,,,,
144,United_States_Charge,Texas,United_States,United_States,Washington,Crawford,Porter,United_States,,,,,,,,,,,,,,,,,,,,,
145,United States,Texas,Texas,United_States,Texas,United_States,Mexico_City,Mexico,Texas,United_States,Texas,United_States,Mexico,Mexico,United_States,United_States,,,,,,,,,,,,,
146,Texas,New_York,Texas,Texas,Texas,United_States,United_States,,,,,,,,,,,,,,,,,,,,,,
147,Upshur,Upshur,Washington,United_States,Texas,New_Orleans,New_Orleans,Baltimore,United_States,Red_River,United_States,United_States,Col_Warfield,St_Louis,,,,,,,,,,,,,,,
148,United States,Texas,Mexico,Mexico,Texas,Texas,Texas,Texas,Texas,United_States,Mexico,,,,,,,,,,,,,,,,,,
149,United States,Mexico,Santa_Anna,United_States,Texas,United_States,United_States,United_States,Mexico,Texas,Mexico,Texas,Texas,Texas,United_States,United_States,Texas,Texas,Mexico,United_States,Santa_Anna,,,,,,,,
150,New_York,Texas,United_States,United_States,United_States,Upshur,Upshur,Hockley,Ccire,United_States,United_States,,,,,,,,,,,,,,,,,,
151,United States,Texas_Washington,United_States,Red_River,United_States,United_States,Texas,St_Louis,Texas,Trinity_River,Red_River,United_States,,,,,,,,,,,,,,,,,
152,Chickasaw,Texas,United_States,United_States,United_States,South_Carolina,Texas,United_States,Upshur,United_States,,,,,,,,,,,,,,,,,,,
153,Washington,Texas,United_States,Texas,Fort_Towson,Doakeville,Texas,Chargfi,Texas,United_States,Wm._Abmstbong_Actg_Supt_Ind,Washington,Red_River,Texas,,,,,,,,,,,,,,,
154,Red_River,Towson,Texas,Upshur,Washington,Texas,Texas,Mexico,Texas_Washington_City_Augst,United_States,United_States,Texas,,,,,,,,,,,,,,,,,
155,Texas,Alexandria,Texas,U._S,Texas,Galveston,Upshur,Washington,Texas,,,,,,,,,,,,,,,,,,,,
156,Paris,Texas,Red_River,Cache_Creek,United_States,United_States,London,Great_Britain,Prairies,,,,,,,,,,,,,,,,,,,,
157,Upshur,Houston,Upshur,Upshub,Washington,United_States,Upshur,,,,,,,,,,,,,,,,,,,,,,
158,United States,Texas,Texas,United_States,Mexico,Texas,United_States,Texas,United_States,Mexico,Upshur,Texas,,,,,,,,,,,,,,,,,
159,Texas,United_States,Texas,Texas,United_States,United_States,Texas,,,,,,,,,,,,,,,,,,,,,,
160,Texas,United_States,Texas,,,,,,,,,,,,,,,,,,,,,,,,,,
161,United States,Texas,Washington,United_States,United_States,Texas,United_States,,,,,,,,,,,,,,,,,,,,,,
162,Upshur,Porter,Upshur,Upshur,Upshur,Upshur,Upshur,Washington,Texas,Texas,United_States,United_States,United_States,United_States,,,,,,,,,,,,,,,
163,Texas,Mexico,Matamoros,United_States,Red_River_District,Fort_Towson,United_States,,,,,,,,,,,,,,,,,,,,,,
164,Mexico,Mexico,Brazos,Texas,United_States,Brazos,Red_River,Brazos,United_States,United_States,Brazos,Washington,Trinity,Dallas,,,,,,,,,,,,,,,
165,United States,United_States,United_States,Texas,Santa,Rio_Grande_Country,United_States,Texas,United_States_Great_Britain_France,Netherlands,Texas,,,,,,,,,,,,,,,,,,
166,Missouri,Arkansas,Rio_Grande,United_States,Texas,United_States,Rio_Grande,Texas,Mississippi,United_States,United_States,Great_Britain,France,United_States,United_States,Texas,United_States,United_States,Kentucky,Octr,,,,,,,,,
167,United States,Kentucky,Houston,Snively,Snively,Houston,Mabinb_Washington,Texas,Santa,United_States,Texas,Great_Britain,,,,,,,,,,,,,,,,,
168,United States,Red_River,Georgetown,Arkansas_River,West_Longitude,Arkansas,Santa_F6,River,Crooked_Creek,Texas,,,,,,,,,,,,,,,,,,,
169,Riveras,United_States,,,,,,,,,,,,,,,,,,,,,,,,,,,
170,Texas,United_States,Elmn_Creek,Elmn_Creek,Arkansas,Santa_F6,Washington,,,,,,,,,,,,,,,,,,,,,,
171,Texas_Washington,United_States,Texas,Mexico,Texian_Representa,,,,,,,,,,,,,,,,,,,,,,,,
172,Texas,United_States,United_States,Texas,England,Texas,Oregon,Great_Britain,Texas,Oregon,United_States,Texas,,,,,,,,,,,,,,,,,
173,Texas,Texas,New_Orleans,,,,,,,,,,,,,,,,,,,,,,,,,,
174,New_York,Upshur,Texas,United_States,United_States,,,,,,,,,,,,,,,,,,,,,,,,
175,United States,Texas,Chickasaw,Texas,,,,,,,,,,,,,,,,,,,,,,,,,
176,United States,Col_Bourland,United_States,United_States,Texas,United_States,Texas,,,,,,,,,,,,,,,,,,,,,,
177,Texas,United_States,Texas,Texas,Upshur,Upshur,United_States,,,,,,,,,,,,,,,,,,,,,,
178,Texas,Upshur,Washington,Texas,United_States,Western_Garri,Texas,United_States,United_States,,,,,,,,,,,,,,,,,,,,
179,United States,Packenham,Mexico,Upshur,,,,,,,,,,,,,,,,,,,,,,,,,
180,Upshur,United_States,Galveston,Texas,Texas,United_States,Texas,Texas,Texas,United_States,,,,,,,,,,,,,,,,,,,
181,United States,Texas,Texas,Grovem,United_States,Texas,United_States,United_States,Texas,Texas,,,,,,,,,,,,,,,,,,,
182,Washington,Texas,Texas,Texas,United_States,Texas,Mexico_City,Mexico,Texas,Texas,Texas,Mexico,United_States,,,,,,,,,,,,,,,,
183,Texas,United_States,Texas,England,France,United_States,Texas,Mexico,United_States,United_States,United_States,United_States,Texas,,,,,,,,,,,,,,,,
184,Texas,New_York,Washington,United_States,New_York,Texas,Washington,,,,,,,,,,,,,,,,,,,,,,
185,United States,United_States,Mexico,Mier,United_States,Mexico,United_States,Texas,United_States,Galveston,Texas,Texas,,,,,,,,,,,,,,,,,
186,United States,United_States,earnest,Texas,Texas,Washington,United_States,Texas,United_States,United_States,,,,,,,,,,,,,,,,,,,
187,United States,Texas,Santa,United_States,Mexico,,,,,,,,,,,,,,,,,,,,,,,,
188,Texas,United_States,Texas,Texas,Mexico,Santa,United_States,United_States,Louisiana,Europe,Spain,Alexandria,Perm,Upshur,United_States,,,,,,,,,,,,,,
189,United States,Upshur,Texas_Washington,United_States,United_States,United_States,,,,,,,,,,,,,,,,,,,,,,,
190,Texas,United_States,Louisiana,Florida,Texas,Great_Britain,Great_Britain,Texas,,,,,,,,,,,,,,,,,,,,,
191,Great_Britain,Kentucky,Texas,Texas,Texas,Texas,,,,,,,,,,,,,,,,,,,,,,,
192,Mexico,Texas,Texas,England,Mexico,Texas,Mexico_City,Texas,Great_Britain,United_States,Gulf_of_Mexico,Texas,Texas,Texas,Mexico,Texas,United_States,,,,,,,,,,,,
193,United States,Texas,Red_River,Mississippi,Texas,England,Texas,Texas,United_States,Louisiana,,,,,,,,,,,,,,,,,,,
194,United States,Texas,Texas,America,Missouri,Santa_Fe,Mexico_City,Missouri,Santa_Fe,Mexico,United_States,United_States,Santa_Fe,Neosho_River,Walnut_Creek,United_States,,,,,,,,,,,,,
195,Arkansas,United_States,Texas,Red_River,Red_River_District,Texas,Rio_del_Norte,United_States,Arkansas_River,United_States,United_States,Red_River,Arkansas,Chouteau_Island,Missouri,Prairies,,,,,,,,,,,,,
196,Texas,United_States,United_States,Mexico,Mexico,Texas,United_States,Texas,,,,,,,,,,,,,,,,,,,,,
197,Texas,Texas,Texas,Texas,Texas,Texas,Washington,,,,,,,,,,,,,,,,,,,,,,
198,Washington,Texas,Texas,United_States,United_States,United_States,Texas,United_States,United_States,,,,,,,,,,,,,,,,,,,,
199,Texas,United_States,Texas,Mexico,United_States,Texas,Texas,United_States,Texas,United_States,United_States,United_States,United_States,,,,,,,,,,,,,,,,
200,Mexico,Mexico,United_States,United_States,United_States,United_States,Mexico_City,United_States,Mexico,United_States,Kioways,Tahuacana_Creek,Brazos,United_States,Red_River,United_States,,,,,,,,,,,,,
201,United States,Brazos,Red_River,Houston,Upshur,Upshur,United_States,United_States,United_States,United_States,,,,,,,,,,,,,,,,,,,
202,Washington,Texas,United_States,Texas,Washington,United_States,Washington,Washington,Uttle,United_States,Washington_City,Houston,Washlng,,,,,,,,,,,,,,,,
203,Texas,Washington,Texas,United_States,,,,,,,,,,,,,,,,,,,,,,,,,
204,Houston,Upshur,Upshur,Texas_Washington,United_States,United_States,Santa_Fe,United_States,United_States,,,,,,,,,,,,,,,,,,,,
205,United States,Houston,Red_River,,,,,,,,,,,,,,,,,,,,,,,,,,
206,Texas,New_York,Texas,United_States,,,,,,,,,,,,,,,,,,,,,,,,,
207,Texas,Texas,,,,,,,,,,,,,,,,,,,,,,,,,,,
208,Upshur,Upshur,Texas,Texas,Texas,United_States,Texas,United_States,United_States,United_States,,,,,,,,,,,,,,,,,,,
209,United States,Texas,Washington_City,Texas,United_States,Washington,Esq,Annexa,Washington,Washington,Texas,United_States,Washington,United_States,,,,,,,,,,,,,,,
210,United States,Texas,Texas,United_States,Texas,United_States,United_States,,,,,,,,,,,,,,,,,,,,,,
211,United States,Providence,,,,,,,,,,,,,,,,,,,,,,,,,,,
212,United States,United_States,United_States,Great_Britain,France,United_States,,,,,,,,,,,,,,,,,,,,,,,
213,United States,Baltimore,Houston,Texas,New_York,New_York,United_States,,,,,,,,,,,,,,,,,,,,,,
214,Massachusetts,Texas,Texas_Washington,Nashville,New_York,Washington,,,,,,,,,,,,,,,,,,,,,,,
215,Grenl,Louisville,Texas,Washington,Texas,Texas,United_States,Sabinas,Matamoros,Mexico,,,,,,,,,,,,,,,,,,,
216,Texas,United_States,Mexico,Mexico,Texas,Texas,France,Great_Britain,United_States,,,,,,,,,,,,,,,,,,,,
217,United States,Texas,Texas,Washington,Texas,United_States,Texas,United_States,,,,,,,,,,,,,,,,,,,,,
218,United States,Sabinas,Texas,Texas,United_States,,,,,,,,,,,,,,,,,,,,,,,,
219,Washington,United_States,Texas,United_States,United_States,Texas,United_States,Great_Britain,New_York,Texaa,,,,,,,,,,,,,,,,,,,
220,Texas,United_States,United_States,United_States,United_States,Louisiana,Florida,United_States,United_States,United_States,Texas,Texas,United_States,,,,,,,,,,,,,,,,
221,United States,Texas,Texas,Fort_Jesup,Fort_Towson,New_Orleans,Texas,Texas,Mexico,United_States,United_States,United_States,Texas,Texas,United_States,United_States,Texas,United_States,,,,,,,,,,,
222,Mexico,Mexico,Texas,Texas,Florida_Point,Lake_Michigan,Fort_Jesup,Texas,Mexico,Texas,Washington_City,Texas,Texas,United_States,Texas,Texas,Mexico,United_States,Mexico,Texas,United_States,Texas,United_States,Texas,Mexico,Fort_Jesup,Texas,Mexico,Texas
223,Texas,Calhoim,Upshur,Houston,Houston,United_States,Texas,United_States,United_States,United_States,United_States,Texas,,,,,,,,,,,,,,,,,
224,Houston,Sabine_Pass,Cuoullu,Spencer,Houston,Houston,United_States,United_States,United_States,Texas,,,,,,,,,,,,,,,,,,,
225,United States,Texas,Texas,United_States,Texas,Texas,Texas,Texas,U.S.,,,,,,,,,,,,,,,,,,,,
226,Washington,Texas,Washington,Oentlemea,Houston,Mexico,,,,,,,,,,,,,,,,,,,,,,,
227,United States,Mexico,Texas,United_States,United_States,Texas,Washington,Houston,Houston,United_States,United_States,United_States,,,,,,,,,,,,,,,,,
228,Houston,Houston,Texas,Qalveston,Mexico,Texas,Corpus_Christi,Mexico,Washington,Texas,San_Jacinto,Texas,,,,,,,,,,,,,,,,,
229,Texas,United_States,Texas,Texas,United_States,Texas,Texas,Texas,Galveston,United_States,,,,,,,,,,,,,,,,,,,
230,Texas,Texas,Great_Britain,Great_Britain,France,,,,,,,,,,,,,,,,,,,,,,,,
231,England,Houston,Houston,Houston,Washington,Washington,United_States,Texas,,,,,,,,,,,,,,,,,,,,,
232,Texas,Texas,Texas,Washington,Washington,Washington,Texas,Mexico,U.S.,Texas,Texas,,,,,,,,,,,,,,,,,,
233,Texas,Texas,United_States,,,,,,,,,,,,,,,,,,,,,,,,,,
234,United States,Texas,Texas,United_States,Gvmspoiidfliiod,United_States,United_States,United_States,United_States,United_States,,,,,,,,,,,,,,,,,,,
235,Texas,Texas,Texas,Texas,Houston,Texas,Texas,Texas,Seoretaby,Texas,Texas_Washington,United_States,,,,,,,,,,,,,,,,,
236,Texas,Texas,Washington,United_States,Houston,Washington,United_States,,,,,,,,,,,,,,,,,,,,,,
237,United States,Texas,United_States_Charg,Texas,Texas,United_States,United_States,Texas,Phila,Mexico,Mexico,Texas,,,,,,,,,,,,,,,,,
238,United States,Mexico,France,Houston,United_States,Red_River_District,United_States,,,,,,,,,,,,,,,,,,,,,,
239,United States,Houston,Washington,Texas,Texas,Washington,Texas,Bryarly,United_States,United_States,,,,,,,,,,,,,,,,,,,
240,Texas,Texas,Mexico,Sabinas,Mexico,Texas,Meodco,Mexico,Mexieo,Texas,United_States,Texas,Texas,United_States,Gahwton,Texas,United_States,Texas,,,,,,,,,,,
241,United States,Texas,United_States,Texas,United_States,United_States,South_west,Mexico,Texas,United_States,Texas,Washington,Texas,,,,,,,,,,,,,,,,
242,United States,United_States,United_States,Mexico,United_States,United_States,U.S.,Houston,Texas,Texas,United_States,,,,,,,,,,,,,,,,,,
243,Washington,United_States,Tawacoro*_Creek,Brazos,Texas,United_States,Texas,United_States,Texas,United_States,,,,,,,,,,,,,,,,,,,
244,United States,Texas,United_States,Texas,Texas,United_States,Texas,Texas,,,,,,,,,,,,,,,,,,,,,
245,Houston,Santa_Anna,Texas,Mexico,Texas,United_States,United_States,United_States,United_States,United_States,,,,,,,,,,,,,,,,,,,
246,Mexico,United_States,Texas,Mexico,Rio_Grande,Sabinas,Mexico_City,Texas,United_States,United_States,Texas,United_States,Texas,Washington,Texas,United_States,United_States,Texas,United_States,Texas,United_States,,,,,,,,
247,Fort_Jesup,United_States,Texas,United_States,Texas,New_York,United_States,Texas,United_States,,,,,,,,,,,,,,,,,,,,
248,Norfolk,Texas,Houston,Texas,United_States,Mexico,Santa_Anna,England,England,Texas,United_States,,,,,,,,,,,,,,,,,,
249,New_York,New_York,Balti,Texas,Paris,Texas,Texas,England,,,,,,,,,,,,,,,,,,,,,
250,Santa_Anna,Texas,Texas,Texas,Galveston,United_States,,,,,,,,,,,,,,,,,,,,,,,
251,United States,United_States,Mexico,Great_Britain,Texas,Texas,Mexico_City,Fort_Leaven,Missouri,United_States,,,,,,,,,,,,,,,,,,,
252,Santa,United_States,Fort_Leavenworth,Mo,United_States,Santa,United_States,United_States,United_States_Dragoons,Kearny,,,,,,,,,,,,,,,,,,,
253,Washington,Brigr,United_States,Red_River,Texas,,,,,,,,,,,,,,,,,,,,,,,,
254,Texas,Texas,United_States,Fort_Towson,Ark,Fort_Towson,Texas,Bonrland,Texas,United_States,,,,,,,,,,,,,,,,,,,
255,United States,Fort_Towson,Towson,Fort_Towson,Doaksville,Fort_Towson,Washita,Texas,Fort_Towson,Texas,Washington,Texas,,,,,,,,,,,,,,,,,
256,Fort_Towson,Texas_Washington,United_States,Trinity_River,United_States,,,,,,,,,,,,,,,,,,,,,,,,
257,New_York,Texas_New_York,Mexico,United_States,Texas,Mexico,Texas,Mexico,Texas,England,Mexico,England,Texas,Mexico,United_States,,,,,,,,,,,,,,
258,United States,United_States,United_States,United_States,United_States,,,,,,,,,,,,,,,,,,,,,,,,
259,United States,Texas_Washington,United_States,United_States,Polk,Texas,,,,,,,,,,,,,,,,,,,,,,,
260,Arbuckle,Texas_Washington,United_States,United_States,United_States,United_States,Parti,,,,,,,,,,,,,,,,,,,,,,
261,Mexico,United_States,Texas,United_States,Mexico,Texas,United_States,Mexico,United_States,Galveston,,,,,,,,,,,,,,,,,,,
262,United States,United_States,Mexico,United_States_Chargfi,United_States,United_States,,,,,,,,,,,,,,,,,,,,,,,
263,Texas,United_States,United_States,Fort_Jesup,Fort_Towson,Texas,San_Antonio,Mexico,United_States,Texas,United_States,United_States,Texas,United_States,Mexico,United_States,Virginia,South_Carolina,Texas_Washington,Monte,New_York,,,,,,,,
264,United States,New_York,United_States_District_Attorney,Mexico,England,Texas,Galveston,New_York,Great_Britain,Mexico,United_States,Mexico,Texas,Texas,,,,,,,,,,,,,,,
265,Washington,Texas,Texas,United_States,Washington,United_States,Mexico_City,United_States,Texas,U._S_Chargfi,Mexico,Washington,Mexico,Tawaccono_Creek,Texas,United_States,,,,,,,,,,,,,
266,Texas,United_States,Washington,Texas,United_States,,,,,,,,,,,,,,,,,,,,,,,,
267,United States,Texas,New_Orleans,Europe,Esq.,Texas,Santa_Anna,New_York,United_States,Mexico,Mexico,Red_River,United_States,United_States,,,,,,,,,,,,,,,
268,Houston,Houston,Washington,Texas,Texas,United_States,Sabine,Texas,United_States,Louisiana,United_States,Sabine_Pass,United_States,Spain,Texas,United_States,United_States,United_States,United_States,,,,,,,,,,
269,Texas,United_States,Louisiana,Texas,New_Orleans,Texas,,,,,,,,,,,,,,,,,,,,,,,
270,United States,Sabine,Texas,Sabine,United_States,Texas,Spain,United_States,Mississippi,Mexico,River_Sabine,Rio_Roxo,Red_River,Sabine,Arkansas,United_States,Arkansas,United_States,Sabine,Sabine_river,Ameri,Washington,,,,,,,
271,Louisiana,Texas,Texas,Sabine_Lake,United_States,United_States,Louisiana,Texas,Louisiana,Sabine,Sabine,Texas,,,,,,,,,,,,,,,,,
272,Texas,United_States,Texas,Sabine_Pass,Sabine_Lake,Texas,Texas,Neches_Rivers,Sabine_Pass,Texas,Texas,Sabine_Pass,Texas,Texas,,,,,,,,,,,,,,,
273,United States,United_States,Texas,Texas,United_States,Ohio,United_States,United_States,Red_River,United_States,United_States,,,,,,,,,,,,,,,,,,
274,Texas,Texas,Washington_Deer,Texas,United_States,Red_River_County,United_States,United_States,,,,,,,,,,,,,,,,,,,,,
275,United States,Red_River,Washington,Texas,Texas,United_States,Texas,United_States,Mexico,Texas,Mexico,Texas,United_States,Texas,,,,,,,,,,,,,,,
276,Washington,Texas,Republic_of_Texas,United_States,United_States,Mexico,Texas,Mexico,United_States,Texas,Texas,United_States,,,,,,,,,,,,,,,,,
277,Washington,Texas,Texas,Arkansas,United_States,Texas,United_States,Texas,Washington,Texas,United_States,Texas,Texas,Texas,United_States,,,,,,,,,,,,,,
278,United_States_Washington,Texas_Deer,Texas,United_States,Texas,United_States,Texas,Texas,United_States,United_States,Texas,United_States,U._S.,,,,,,,,,,,,,,,,
280,Texas,United_States,Texas,Texas,Washington,Texas,Washington,United_States,Grovem,Texas,United_States,Texas,United_States,Texas,,,,,,,,,,,,,,,
281,Texas,Mexico,Texas,United_States,Mexico,Washington,Texas,,,,,,,,,,,,,,,,,,,,,,
282,Texas,Texas_Washington,United_States,Texas,,,,,,,,,,,,,,,,,,,,,,,,,
283,Washington,Texas,Texas,United_States,Texas,Esq.,United_States,Galveston,,,,,,,,,,,,,,,,,,,,,
284,Texas,Calif,Mexico,United_States,Matagorda,Brazoria,,,,,,,,,,,,,,,,,,,,,,,
285,United States,United_States,Texas,,,,,,,,,,,,,,,,,,,,,,,,,,
286,United States,United_States,Texas,Lexington,Kentucky,Europe,Boston,New_York,Texas,United_States,Washington,Texas,United_States,Texas,,,,,,,,,,,,,,,
287,United States,Galveston,Mexico,Texas,Galveston,United_States,Galveston,New_Orleans,Texas,United_States,Texas,Texas,Rio_del_Norte,Pacific,,,,,,,,,,,,,,,
288,Mexico,Mexico,Texas,Texas,Texas,United_States,Texas,Altoi,,,,,,,,,,,,,,,,,,,,,
289,United States,Red_River,United_States,Texas,United_States,Texas,Texas,United_States,United_States,,,,,,,,,,,,,,,,,,,,
290,Texas,United_States,United_States,Texas,Texas,Lexington_Kentucky,,,,,,,,,,,,,,,,,,,,,,,
291,Washington,Texas,Austin,Colorado,Waco,Wichita,United_States,Fort_Towson,,,,,,,,,,,,,,,,,,,,,
292,United States,United_States,Fort_Tow,Austin,Texas,Texas,Lexington_Ky.,Texas,United_States,,,,,,,,,,,,,,,,,,,,
293,Texas,Tennessee,Texas,Texas,United_States,Red_River_District,United_States,Lamar_County,Texas,United_States,,,,,,,,,,,,,,,,,,,
294,Lamar_County,Republic_of_Texas,United_States,Fort_Towson,Brierly,Red_River_County,Texas,United_States,,,,,,,,,,,,,,,,,,,,,
295,Texas,Red_River_District,Fannin,Red_River,Paschal,Texas,Red_River,Red_River,United_States,Fort_Towson,United_States,River,United_States,Texas,Texas,,,,,,,,,,,,,,
296,Rowland,Fort_Towson,United_States,Arkansas,Steamboat_Fort_Towson,Boorland,United_States,,,,,,,,,,,,,,,,,,,,,,
297,United States,Red_River_District_Republic,Washington,United_States,Texas,,,,,,,,,,,,,,,,,,,,,,,,
298,Texas,Washington,Texas,,,,,,,,,,,,,,,,,,,,,,,,,,
299,Houston,US,Washington,,,,,,,,,,,,,,,,,,,,,,,,,,
300,Matagorda,United_States,Texas,Texas,Mexico,Texas,Texas,Washington,Texas,Texas,Texas,United_States,Washington,Texas,,,,,,,,,,,,,,,
301,Texas,Texas,Texas,United_States,Esq.,,,,,,,,,,,,,,,,,,,,,,,,
302,United States,,,,,,,,,,,,,,,,,,,,,,,,,,,,
303,Texas_Washington,United_States,Texas,United_States,United_States,Texas,United_States,,,,,,,,,,,,,,,,,,,,,,
304,Washington,Texas,United_States,United_States,United_States,,,,,,,,,,,,,,,,,,,,,,,,
305,Texas,Texas,Texas,United_States,United_States,Washington,Texas,United_States,,,,,,,,,,,,,,,,,,,,,
306,United States,United_States,United_States,United_States,United_States,Texas,United_States,United_States,Brazos,Republic_of_Texas,United_States,Sabine,Texas,,,,,,,,,,,,,,,,
307,Sabine,Texas,Sabine,Texas,Sabine_Bay,Texas,Texas,Texas,Texas,Sabine,Sabine,United_States,,,,,,,,,,,,,,,,,
308,Texas,Texas,Texas,Texas,England,United_States,Spain,United_States,Mexico,United_States,Texas,United_States,Sabine_Bay,Texas,Sabine_Pass,Sabine,Texas,,,,,,,,,,,,
309,United States,Sabine,Texas,United_States,Sabine,Texas,United_States,United_States,Texas,Ashbel_Smith_Hon.,United_States,Texas,,,,,,,,,,,,,,,,,
310,Texas,Washington,Potomac,Texas,Texas,United_States,Texas,Texas,,,,,,,,,,,,,,,,,,,,,
311,United States,Texas,Texas_Washington,Texas,United_States,Red_River_District,Texas,United_States,Texas,,,,,,,,,,,,,,,,,,,,
312,United States,Texas_Washington,Texas,United_States,Texas,Austin,Texas,Waco,Wichita,Washington,Texas,United_States,Wichita,Washington,Torrey,,,,,,,,,,,,,,
313,Fort_Towson,United_States,Fort_Towson,Texas,United_States,United_States,Texas,United_States,,,,,,,,,,,,,,,,,,,,,
314,United States,United_States,Texas,Tennessee,New_York,Texas,,,,,,,,,,,,,,,,,,,,,,,
315,Mexico,Santa_Anna,Great_Britain,England,France,Texas,United_States,Arbuckle,Calhoim,Washington,Texas,Texas,United_States,Washington,,,,,,,,,,,,,,,
316,Texas,Texas,United_States,Sabine,United_States,United_States,,,,,,,,,,,,,,,,,,,,,,,
317,United_States_Grovemment,Washington,United_States,Texas,United_States,Texas,Sabine,Texas,United_States,United_States,Bnnhamm,,,,,,,,,,,,,,,,,,
318,Texas_Washington,Texas,Washington,Potomac,Texas,Texas,United_States,Texas,United_States,United_States,United_States,,,,,,,,,,,,,,,,,,
319,United States,Texas,Red_River,Pennsylvania,,,,,,,,,,,,,,,,,,,,,,,,,
320,Baltimore,Galveston,Europe,Texas,United_States,Washington,United_States,Texas,Sabine,Louisiana,United_States,Sabine,United_States,Texas,United_States,United_States,,,,,,,,,,,,,
321,Sabine,United_States,Texas,United_States,Texas,Galveston,Texas,Texas,Texas,United_States,Texas,United_States,United_States,Mississippi,United_States,,,,,,,,,,,,,,
322,United States,Louisiana,Texas,Spain,Spain,Sabine,United_States,Mississippi,United_States,Texas,Spain,United_States,France,Spain,United_States,Texas,Texas,United_States,Sabine,Texas,Spain,Texas,Sabine,Texas,Sabine,Texas,Sabine,,
323,Texas,Sabine,Texas,United_States,Texas,Sabine,Sabine,Texas,United_States,Spain,United_States,Texas,United_States,Uable,Louisiana,,,,,,,,,,,,,,
324,United States,United_States,Texas,Mexico,United_States,Texas,New_Orleans,Texas,Texas,United_States,Sabine,Sabine,Texas,,,,,,,,,,,,,,,,
325,Texas,Ohio,United_States,United_States,United_States,United_States,United_States,United_States,United_States,,,,,,,,,,,,,,,,,,,,
326,Europe,Baltimore,Boston,Texas,United_States,United_States,Texas,Mexico,United_States,Mexico,United_States,United_States,,,,,,,,,,,,,,,,,
327,Baltimore,Galveston,Washington_Texas,United_States,United_States,United_States,United_States,United_States,United_States,United_States,,,,,,,,,,,,,,,,,,,
328,United States,Texas_Washington,United_States,Texas,Texas,Texas,Texas,Mexico,Great_Britain,Oregon,United_States,Texas,Texas,United_States,,,,,,,,,,,,,,,
329,Red_River,Cincinnatti,Ohio,Washington,Texas,New_Toik,Texas,United_States,United_States,United_States,,,,,,,,,,,,,,,,,,,
330,United States,Mexico,United_States,United_States,Partl,United_States,United_States,United_States,,,,,,,,,,,,,,,,,,,,,
331,Texas,United_States,United_States,United_States,United_States,United_States,Texas,United_States,United_States,Part_I._^A.L.S.,United_States,United_States,L.S.,United_States,,,,,,,,,,,,,,,
332,United States,Texas,United_States,Washington,Texas,United_States,United_States,United_States,United_States,United_States,A._L.S.,United_States,United_States,,,,,,,,,,,,,,,,
333,Grati,United_States,Texas,Texas,Washington,Texas,Chargfi,United_States,Washington,Potomac,United_States,,,,,,,,,,,,,,,,,,
334,Texas,Texas,United_States,Texas,United_States,Texas,France,Mexico,United_States,England,France,Texas,,,,,,,,,,,,,,,,,
335,London,Paris,Europe,Texas,Texas,Texas,England,France,Mexico,Texas,United_States,Texas,Mexico,United_States,,,,,,,,,,,,,,,
336,United States,Mexico,France,Great_Britain,Mexico,Texas,Mexico_City,France,England,Texas,Mexico,Mexico,France,Great_Britain,Texas,England,France,Texas,,,,,,,,,,,
337,Great_Britain,France,United_States,Mexico,Texas,United_States,Texas,Polk,Washington,Brazos,Etc,,,,,,,,,,,,,,,,,,
338,Texas,Austin,United_States,Texas,Texas,New_Orleans,United_States,United_States,United_States,LoolalMia,,,,,,,,,,,,,,,,,,,
339,Washington,Texas,Nacogdoches,Washington,United_States,Washington,United_States,Washington,Potomac,United_States,,,,,,,,,,,,,,,,,,,
340,United States,United_States,Texas,Texas,Texas,United_States,United_States,Rhodes,United_States,,,,,,,,,,,,,,,,,,,,
341,Creek,Creek,Creek,Texas,United_States,Galveston_Texas,United_States,Texas,Texas,US,Austin_Texas,,,,,,,,,,,,,,,,,,
342,Washington,United_States,Texas,Texas,United_States,Texas,Texas,America,Galveston,Texas,United_States,Texas,United_States,,,,,,,,,,,,,,,,
343,United States,Texas,St_Louis_Potosi,Rio_del_Norte,Texas,United_States,Texas,United_States,Texas,Texas,United_States,Texas,United_States,United_States,United_States,Texas,,,,,,,,,,,,,
344,Texas,Galveston,United_States,Texas,United_States,Texas,United_States,Texas,United_States,Texas,Mexico,United_States,,,,,,,,,,,,,,,,,
345,United States,Corpus_Christi,Mexico,Corpus_Christi,Texas,Goliad,Ooliad,Bexar,Austin,Austin,Dallas,Fannin_Coimty,Texana,Texas,Mexico,,,,,,,,,,,,,,
346,Texas,Polk,United_States,Galveston,Republic_of_Texas,United_States,Matamoros,United_States,Galveston,United_States,Texas,,,,,,,,,,,,,,,,,,
347,Rhodes,United_States,United_States,Texas,Matamoras,Rio_Grande_Country,Texas,United_States,Texas,Mexico,United_States,Rio_Grande,San_Jacinto,United_States,Texana,,,,,,,,,,,,,,
348,Galveston,United_States,Rio_Grande,United_States,United_States,,,,,,,,,,,,,,,,,,,,,,,,
349,United States,United_States,Texas,Texas,Texas,Texas,United_States,Texas,United_States,Texas,Texas,,,,,,,,,,,,,,,,,,
350,Texas,Washington,Texas,United_States,Texas,Texas,United_States,United_States,Mexico,Texas,Texas,Mexican_Republic,,,,,,,,,,,,,,,,,
351,Texas,Washington,Texas,Texas,Washington,United_States,Texas,Texas,United_States,Texas,Texas,,,,,,,,,,,,,,,,,,
352,United States,Texas_Washington,United_States,Texas,United_States,United_States,Texas,United_States,,,,,,,,,,,,,,,,,,,,,
353,Texas,Texas,Statu,New_York,Pennsylvania,Washington,Texas,Texas,United_States,Texas,,,,,,,,,,,,,,,,,,,
354,United States,Texas,Texas,United_States,Texas,Texas,Texas,United_States,Texas,Texas,Texas,,,,,,,,,,,,,,,,,,
355,Texas,Texas,United_States,,,,,,,,,,,,,,,,,,,,,,,,,,
356,Texas,Texas,Texas,Texas,Texas,Texas,Texas,Texas,Texas,Nacogdoches,Texas,United_States,Texas,England,France,United_States,United_States,Texas,Texas,,,,,,,,,,
357,Texas,Texas,Washington,New_York,Pennsylvania,,,,,,,,,,,,,,,,,,,,,,,,
358,Bench,Pennsylvania_Avenue,Texas,,,,,,,,,,,,,,,,,,,,,,,,,,
359,Texas,Republic_of_Texas,Texas,Texas,Texas,Texas,Texas,Texas,New_York,,,,,,,,,,,,,,,,,,,,
360,New_York,Texas,United_States,Washington,Texas,,,,,,,,,,,,,,,,,,,,,,,,
361,Washington,United_States,Pennsylvania,Washington,United_States,Texas,Texas,United_States,Parti,,,,,,,,,,,,,,,,,,,,
362,United States,United_States,Texas,Texas,Texas,Texas,Baltimore,United_States,,,,,,,,,,,,,,,,,,,,,
363,Sabine,Texas_Washington,Captn,Washington,New_York,Texas,,,,,,,,,,,,,,,,,,,,,,,
364,Texas,Ohio,Texas,Texas,Texas,,,,,,,,,,,,,,,,,,,,,,,,
365,Red_River,Texas,Texas,Texas,Texas,United_States,Polk,Polk,Austin,Texas,Texas,United_States,Texas,,,,,,,,,,,,,,,,
366,United States,Texas,Austin,United_States,United_States,Texas,United_States,Texas,Texas,,,,,,,,,,,,,,,,,,,,
367,United States,Texas,Texas,United_States,United_States,Texas,Texas,United_States,Texas,United_States,Texas,Texas,,,,,,,,,,,,,,,,,
368,United States,United_States,Texas_Galveston_Texas,,,,,,,,,,,,,,,,,,,,,,,,,,
369,Mexico,Santa_Anna,Filisola,Santa_Anna,Texas,,,,,,,,,,,,,,,,,,,,,,,,
370,Mexico,Texas,Uberty,Santa_Anna,,,,,,,,,,,,,,,,,,,,,,,,,
371,Santa_Anna,,,,,,,,,,,,,,,,,,,,,,,,,,,,
372,Mexico,Texas,New_Orleans,Santa_Anna,,,,,,,,,,,,,,,,,,,,,,,,,
373,Mexico,Burnet,,,,,,,,,,,,,,,,,,,,,,,,,,,
374,Mexico,Santa_Anna,Filisola,Houston,Houston,Mexico,tida,Washington,Rtibrica,Texas,Santa_Anna,,,,,,,,,,,,,,,,,,
375,Washington,Houston,Santa_Anna,Texas,United_States,Santa_Anna,Texas,Texas,Mexico,Matamoros,Brazos_Santiago,Galveston,Texas,Austin,,,,,,,,,,,,,,,
376,Mexico,Brazos_Santiago,United_States_of_America,Galveston,United_States,Mexican_Republic,Mexican,Texas,Texas,Matamoros,Brazos_Santiago,Galveston,New_Orleans,New_Orleans,Houston,Natchez,Houston,Texas,Clear_Creek,Cedar_Bayou,Lynchburg,Sabine,Negroville,Washington,,,,,
377,Mississippi_River,Cumberland,Louisville,St_Louis,Nashville,Louisville,Ohio,Houston,Cayuga,Lynchburg,Texas,Hockley,Washington,,,,,,,,,,,,,,,,
378,Houston,Washington,Plaquemine,Nachez,Louisville,Coliunbia,Pensylvania,Georgia,Tennessee,Texas,Hemptead,,,,,,,,,,,,,,,,,,
379,Searetario_de_Estado,Texas,Austin,Texas,,,,,,,,,,,,,,,,,,,,,,,,,
380,Tampico,Tampico,St_Louis_Potosi,Mexico,Europe,Mexico,Monterey,Vera_Cruz,Tampico,Texas,New_Orleans,,,,,,,,,,,,,,,,,,
381,Texas,Tampico,San_Juan,Texas,Spanlab,,,,,,,,,,,,,,,,,,,,,,,,
382,Mexico,Texas,Mexico,Texas,Mexico,Texas,Texas,Mexico,Texas,Mexico,Mexico,Texfes,Mexico,Mexico,Texas,Mexico,,,,,,,,,,,,,
383,Mexico,Texas,Texas,Mexico,Vera_Cruz,Texas,,,,,,,,,,,,,,,,,,,,,,,
384,Mexico,Texas,Mexico,Mexico,Texas,Tewas,,,,,,,,,,,,,,,,,,,,,,,
385,Velasco,Texas,Mexico,Texas,Rio_Bravo,Mexican_Republic,Vattel,,,,,,,,,,,,,,,,,,,,,,
386,Mexico,Texas,Mexico,Texas,Mexico,Texas,Mexico_City,United_States_of_the_North,Mexico,Texas,Texas,San_Jacinto,Mexico,Santa_Anna,Texas,Mexico,Mexico,,,,,,,,,,,,
387,Mexico,United_States,Washington,United_States,Mexico,United_States,Washington,Mexico,Texas,,,,,,,,,,,,,,,,,,,,
388,Mexico,Mexico,Mexico,Mexico,Mexico,Mexico,Mexico_City,Mexico,Texas,Mexico,,,,,,,,,,,,,,,,,,,
389,Texas,Paris,Texas,Santa_Anna,Texas,Pensacola,Dublin,Tampico,United_States,Velasoo,Washington,Boston,Texas,,,,,,,,,,,,,,,,
390,Mexico,New_Orleans,Mexico,New_Orleans,New_Orleans,Velasco,New_York,Texas,France,Texas,Texas,Houston,Europe,South_Carolina,Great_Britain,France,Texas,Great_Britain,Mexico,France,Belgium,Holland,Great_Britain,,,,,,
391,France,Jovemor,Texas,Padre_Mul,New_Orleans,Woodbury,Mexico_City,Mexico,England,Palmerston,Mexico,Texas,Packenham,Mexico,Mexico,Texas,Texas,,,,,,,,,,,,
392,Mexico,Mexico,England,La_Branch,Europe,Washington,Philadelphia,Mexico,Woodbury,Texas,,,,,,,,,,,,,,,,,,,
393,Mexico,Washington,New_Orleans,Mexico,Commodore_Dallas,Washington,Packenham,Mexican,Texas,,,,,,,,,,,,,,,,,,,,
394,Mexico,Texas,Mexico,Woodbury,Lamab,United_States,U.S.,Texas,,,,,,,,,,,,,,,,,,,,,
395,Mexico,Mexia,Secty_State_of_Mexico,Texas,,,,,,,,,,,,,,,,,,,,,,,,,
396,Mexico,Mexico,New_Orleans,New_Orleans,New_Orleans,New_Orleans,Texas,Santa_Anna,Mexico,Texas,Mexico,Texas,Texas,,,,,,,,,,,,,,,,
397,New Orleans,Mexico,Tampico,Matamoros,Mexico,Col_Bee,Mexico_City,,,,,,,,,,,,,,,,,,,,,,
398,Mexico,Texas,Zacatecas,Sonora,Texas,Mexico,Mexico_City,Texas,Texas,Texas,Texas,Mexico,Texas,Europe,Texas,Texas,Texas,,,,,,,,,,,,
399,Mexico,Texas,Mexia,Texas,Texas,Texas,Washington,Mexico,Santa_Anna,Texas,New_Orleans,Pendleton_S._C.,Texas,Padre_Muldoon,Mexico,Bustamenta,Santa_Anna,,,,,,,,,,,,
400,New Orleans,Havana,New_Orleans,Washington,Mexico,Washington,Washington,Mexico,American,Santa_Anna,Mexico,New_Orleans,New_York,Havana,Texas,Charleston,Washington,,,,,,,,,,,,
401,Georgia,Mexico,Texas,Philadelphia,Mexico,Mexico,Mexico_City,United_States,Washington,United_States,Mexico,Texas,Texas,Texas,Washington,Texas,Great_Britain,Great_Britain,,,,,,,,,,,
402,Mexico,New_York,Texas,Mexico,Col_Bee,Novr,New_Orleans,New_Orleans,Washington,United_States,France,England,Mexico,United_States,United_States,London,Great_Britain,France,New_Orleans,New_York,Texas,Texas,Mexico,Texas,New_York,Mexico,Galveston,New_Orleans,France
403,London,Great_Western,England,Washington,Mexico,Texas,Mexico_City,Texas,Mexico,Texas,,,,,,,,,,,,,,,,,,,
404,New_York,Mexico,New_Orleans,Texas,Mexico,Col_Bee,Col_Bee,Mexico,United_States,Washington,New_Orleans,Santa_Anna,London,Mexico,United_States,Washington,New_Orleans,Texas,Texas,,,,,,,,,,
405,New Orleans,Texas,Texas,New_York,Texas,Texas,,,,,,,,,,,,,,,,,,,,,,,
406,Mexico,New_Orleans,New_Orleans,England,Liverpool,Havana,New_Orleans,France,Texas,Hamilton,Texas,Havana,New_Orleans,,,,,,,,,,,,,,,,
407,Texas,Mexico,Washington,New_Orleans,Britain,France,Texas,Washington,Mexico,Texas,Europe,,,,,,,,,,,,,,,,,,
408,Mexico,Columbia,Texas,Philadelphia,New_Orleans,New_Orleans,Mexico_City,United_States,New_Orleans,,,,,,,,,,,,,,,,,,,,
409,Havana,Texas,Washington_City_Bank,Hockley,Santa_Anna,Washington,Philadelphia,Columbia,,,,,,,,,,,,,,,,,,,,,
410,Mexico,United_States,France,London,England,Texas,Texas,Texas,France,,,,,,,,,,,,,,,,,,,,
411,Nachitoches,Texas,Austin,Columbia,Mexico,Mexico,Mexico_City,Texas,Padre,,,,,,,,,,,,,,,,,,,,
412,New_York,Mexico,Pensacola,Texas,England,Lord_Palmerston,Texas,United_States,Baltimore,Spain,Mexico,Mexico,,,,,,,,,,,,,,,,,
413,Mexico,Rio_Grande,Mexico,Columbia,Austin,Houston,,,,,,,,,,,,,,,,,,,,,,,
414,Mexico,Houston,Texas,Washington,Texas,,,,,,,,,,,,,,,,,,,,,,,,
415,Columbia,Texas,Mexico,New_Orleans,Mexico,Washington,United_States,New_Orleans,New_Orleans,Washington,New_Orleans,Texas,,,,,,,,,,,,,,,,,
416,Mexico,New_Orleans,Washington,New_Orleans,Havana,Washington,,,,,,,,,,,,,,,,,,,,,,,
417,Texas,Red_River,Houston,New_York,Mexico,Mexico,Mexico_City,,,,,,,,,,,,,,,,,,,,,,
418,Mexico,Mexico,Vera_Cruz,Mexico,Mexico,Santa_Anna,Texas,Zavala,Texas,Texas,,,,,,,,,,,,,,,,,,,
419,Lamab,England,Texas,Washington,London,London,Mexico_City,Texas,,,,,,,,,,,,,,,,,,,,,
420,Mexico,Mexico,London,France,England,Palmerston,France,New_Orleans,Galveston,England,Esq.,,,,,,,,,,,,,,,,,,
421,Burnley,Houston,Texas,Mexico,Mexico,Pensacola,New_York,Texas,Texas,Texas,Texas,,,,,,,,,,,,,,,,,,
422,Mexico,Texas,Rio_Bravo_del_Norte,Texas,Rio_Grande,United_States,United_States,Mexico,Pacific_Ocean,Texas,Mexico,Rio_Grande,Gulf_of_Calafornia,Gulf,Pacific_Ocean,Mexico,Texas,Mexico,Great_Britain,Mexico,,,,,,,,,
423,Mexico,Texas,London,Texas,Mexico,Burnet,,,,,,,,,,,,,,,,,,,,,,,
424,Mexico,New_Orleans,Washington,Pendleton,Texas_Tnoney,,,,,,,,,,,,,,,,,,,,,,,,
425,New Orleans,Texas,,,,,,,,,,,,,,,,,,,,,,,,,,,
426,Mexico,Houston,Galveston,Mexo,,,,,,,,,,,,,,,,,,,,,,,,,
427,Texas,Mexico,Mexico,Washington,,,,,,,,,,,,,,,,,,,,,,,,,
428,._But_as_the_mediatorial_interposition_of_the_Government_of_the_~~United_States~~,_has_been_conditionally_proffered_and_will_be_cordially_accepted_by_this_Government_it_would_probably_be_conducive_to_the_permanency_of_the_peace_to_be_established,_to_conduct_the_negotiation_at_the_Capitol_of_that_Republic_It_is_understood_that_~PERSON~Mr_Ellis~~PERSON~_the_Minister_from_the_Government_of_the_~~United_States~~,_to_that_of_~~Mexico~~_has_been_instructed_to_signify_to_that_of_~~Mexico~~,United_States_of_North_America,_to_see_the_difficulties_between_~~Texas~~,Mexico_City,_amicably_adjusted._You_will_therefore_feel_yourself_at_liberty_with_all_appropriate_delecacy,_to_confer_with_Mr_~PERSON~Ellis~~PERSON~_and_to_make_known_to_him_pri-_vately,_the_nature_and_progress_of_your_negotiation._There_is_filed_in_the_Correspondence_with_~~Mexico~~,_an_undated_memorandum_of_in-_structions_to_Treat_in_which_are_found_the_following_points,_not_covered_by_letters_to_Bee_and_to_Treat:_**_._._._._Mr._~PERSON~T.~~PERSON~_will_proceed_to_~~N._Orleans~~_and_thence_to_~~Mexico~~,_either_direct,_or_~~Via_Pensacola~~LOCATION~_or_~PERSON~N._Y.~~PERSON~_as,_circumstances~_in_liis_opinion_may_render_most_expedient,_and_adyisable._He_may_employ,_such_person,_or,_persons_as_he_may,_thinlE_necessary_to_accomplish_or_aid_in_his_objects,_and_lor_fhit_purpose_he_is_authorized_to_expend_a_sum_not_exceeding_Dolls,_but,_if_any_larger_sum_should_be_necessary_it_must_be_ooniingent,_and_subject_to_approval_as_will_of_ooi^rte_he_the_rnaUm_negotiation_....**,,,,,
429,Mexico,Mexico,New_Orleans,Europe,Mexico,,,,,,,,,,,,,,,,,,,,,,,,
430,France,Europe,Mexico,France,England,Austin,Burnet,New_Orleans,England,Mexico,New_Orleans,Pensacola,Mexico,,,,,,,,,,,,,,,,
431,Mexico,Philadelphia,England,Texas,England,Mexico,New_Orleans,,,,,,,,,,,,,,,,,,,,,,
432,New Orleans,Texas,London,London,Mexico,United_States,Washington,United_States,Texas,Pensacola,Pendleton_Sth_Carolina,Mexico,Gorostiza,,,,,,,,,,,,,,,,
433,Mexico,France,France,Mexico,Texas,England,England,England,Great_Britain,Great_Britain,United_States,,,,,,,,,,,,,,,,,,
434,Texas,New_Orleans,Mexico,Mexico,Burnet,New_Orleans,New_York,Columbia,,,,,,,,,,,,,,,,,,,,,
435,Mexico,Burnley,London,England,Midland,Scotland,France,Paris,England,,,,,,,,,,,,,,,,,,,,
436,Houston_Texas,Burnet,New_Orleans,Great_Western,,,,,,,,,,,,,,,,,,,,,,,,,
437,Mexico,France,East,France,England,London,Paris,Houston,Texas,Paris,,,,,,,,,,,,,,,,,,,
438,New_York,Mexico,New_Orleans,New_Orleans,Tampico,Tampico,Mexico_City,Galveston,,,,,,,,,,,,,,,,,,,,,
439,Mexico,Mexico,Mexico,,,,,,,,,,,,,,,,,,,,,,,,,,
440,Texas,Burnet,New_Orleans,British_Queen_Steamer,London,Paris,,,,,,,,,,,,,,,,,,,,,,,
441,Mexico,Texas,Liverpool_Stecmier,France,London,Paris,England,Europe,Houston_Texas,,,,,,,,,,,,,,,,,,,,
442,Burnet,New_Orleans,New_Orleans,Mexico,Europe,Mexico,Tampico,Mexico,France,France,Europe,,,,,,,,,,,,,,,,,,
443,Mexico,Mexico,United_States,Mexico,Washington,Washington,,,,,,,,,,,,,,,,,,,,,,,
444,Texas,Burnet,New_Orleans,London,England,France,,,,,,,,,,,,,,,,,,,,,,,
445,Mexico,Texas,Paris,England,Packenham,Mexico,Texas,Palmerston,England,Washn,Washn,Mexico,Europe,United_States,Phila,Baltimore,Austin_Texas,Mexico,,,,,,,,,,,
446,Burnet,New_York,Mexico,Phila.,Baltimore,Washn,Washington,,,,,,,,,,,,,,,,,,,,,,
447,Mexico,Genls_Hamilton,Washn,Washn,Vera_Cruz,Mexico,New_Orleans,Mexico,Tampico,Texas,New_Orleans,,,,,,,,,,,,,,,,,,
448,Mexico,Britain,Mexico,Texas,Rio_Grande,,,,,,,,,,,,,,,,,,,,,,,,
449,Mexico,Cavelry,New_Orleans,Chichuadiua,New_Leon,United_States,Texas,US,,,,,,,,,,,,,,,,,,,,,
450,Texas,Texas,Monterey,Mexico,Mexico,,,,,,,,,,,,,,,,,,,,,,,,
451,Mexico,Pueblo,Texas,Texas,Texas,Mexico,San_Antonio,Matagorda,Mexico,Texas,England,Texas,,,,,,,,,,,,,,,,,
452,Burnet,England,Burnley,England,,,,,,,,,,,,,,,,,,,,,,,,,
453,Mexico,Texas,Burnet,United_States,Havana,Port,Mexico_City,New_Orleans,,,,,,,,,,,,,,,,,,,,,
454,Rio_Grande,Matamoros,Mex,Texas,Tampico,Matamoros,Mexico_City,,,,,,,,,,,,,,,,,,,,,,
455,Mexico,Texas,Mexico,Texas,Mexico,New_Leon,Matamoros,Chichuchua,Coahuila,Rio_Bravo,Texas,Texas,Mexico,Mexico,,,,,,,,,,,,,,,
456,Texas,Texas,Texas,Texas,Mexico,Texas,Texas,Texas,Texas,Texas,Mexico,,,,,,,,,,,,,,,,,,
457,Mexico,Texas,Texas,Mexico,Britain,Great_Britain,,,,,,,,,,,,,,,,,,,,,,,
458,Guadalupe,Mexico,,,,,,,,,,,,,,,,,,,,,,,,,,,
459,Mexico,Mexico,Charleston,New_Orleans,,,,,,,,,,,,,,,,,,,,,,,,,
460,Mexico,New_Orleans,Texas,Europe,Texas,Mier,Texas,Pakenham,Great_Britain,,,,,,,,,,,,,,,,,,,,
461,Mexico,Mexico,Texas,,,,,,,,,,,,,,,,,,,,,,,,,,
462,Texas,Texas,,,,,,,,,,,,,,,,,,,,,,,,,,,
463,Mexico,Texas,Texas,Texas,,,,,,,,,,,,,,,,,,,,,,,,,
464,Tampico,Mexico,Hamilton,,,,,,,,,,,,,,,,,,,,,,,,,,
465,Mexico,Col_Love,New_Orleans,Texas,New_Orleans,Europe,New_Orleans,Texas,,,,,,,,,,,,,,,,,,,,,
466,Texas,Texas,,,,,,,,,,,,,,,,,,,,,,,,,,,
467,Mexico,Vera,Pensacola,Tampico,Tampico,,,,,,,,,,,,,,,,,,,,,,,,
468,London,Texas,Palmerston,Texas,Mexico,Great_Britain,Mexico_City,Texas,Hamilton,Hamilton,Great_Britain,,,,,,,,,,,,,,,,,,
469,Mexico,Texas,Mexico,Texas,Republic_of_Texas,Mexico,Texas,Hamilton,Hamilton,,,,,,,,,,,,,,,,,,,,
470,Palmerston,Texas,Mexico,Great_Britain,Mexico,Texas,Mexico_City,Texas,Mexico,Matamoros,Tampico,Zacatecas,,,,,,,,,,,,,,,,,
471,Mexico,Santa_Anna,Mexico,Cincinnati_Ohio,San_Jasinto,Texas,Texas,Mexico,Mississippi,Texas,Rome,,,,,,,,,,,,,,,,,,
472,Texas,Mexico,Brtan,Mexico,,,,,,,,,,,,,,,,,,,,,,,,,
473,Mexico,Texas,Zapata_Canalis,Texas,Mexico,,,,,,,,,,,,,,,,,,,,,,,,
474,Havana,Texas,Nacog,Cherekees,Choctawes,Behar,San_Antonio,New_Orleans,,,,,,,,,,,,,,,,,,,,,
475,Mexico,Mexico,Texas,Mexico,Texas,Mexico,,,,,,,,,,,,,,,,,,,,,,,
476,Texas,Mexico,Texas,,,,,,,,,,,,,,,,,,,,,,,,,,
477,Mexico,Mexico,Texas,Texas,London,Havana,New_Orleans,New_York,London,,,,,,,,,,,,,,,,,,,,
478,London,Matamoros,Mexico,,,,,,,,,,,,,,,,,,,,,,,,,,
479,Mexico,New_York,Burnet,Mexico,Mexico,Texas,,,,,,,,,,,,,,,,,,,,,,,
480,U._S._Sloop_Ontario,Pensacola,Vera_Cruz,Texas,Texas,Texas,Monterey,Texas,Texas,,,,,,,,,,,,,,,,,,,,
481,Mexico,Mexico,Tampico,New_Orleans,Havana,,,,,,,,,,,,,,,,,,,,,,,,
482,Texas,Texas,Mexico,Texas,Hamilton,,,,,,,,,,,,,,,,,,,,,,,,
483,Mexico,Texas,Grovmt,Texas,Tacubaya,,,,,,,,,,,,,,,,,,,,,,,,
484,France,France,Texas,Mexico,Texas,Texas,Texas,Texas,Texas,,,,,,,,,,,,,,,,,,,,
485,Mexico,London,London,England,,,,,,,,,,,,,,,,,,,,,,,,,
486,Texas,Europe,Texas,New_Orleans,Britain,London,U.S.,New_Orleans,,,,,,,,,,,,,,,,,,,,,
487,Mexico,New_York,Texas,New_Orleans,Havana,,,,,,,,,,,,,,,,,,,,,,,,
488,Havana,Mexico,Belize,Spain,United_States,,,,,,,,,,,,,,,,,,,,,,,,
489,Mexico,Havana,Galveston,Texas,,,,,,,,,,,,,,,,,,,,,,,,,
490,Mexico,Balize,,,,,,,,,,,,,,,,,,,,,,,,,,,
491,Mexico,Mexico,,,,,,,,,,,,,,,,,,,,,,,,,,,
492,Mexico,Galveston,Houston,,,,,,,,,,,,,,,,,,,,,,,,,,
493,Mexico,Mexico,United_States,New_Orleans,Havana,,,,,,,,,,,,,,,,,,,,,,,,
494,Mexico,London,Dublin,,,,,,,,,,,,,,,,,,,,,,,,,,
495,Mexico,Mexico,Pensacola,London,London,Texas,,,,,,,,,,,,,,,,,,,,,,,
496,Texas,Lord_Palmerston,Spain,Mexico,England,,,,,,,,,,,,,,,,,,,,,,,,
497,Mexico,Austin,Texas,Texas,Rio_Grande,Rio_Grande_Country,Washington,United_States,Rio_Grande,Texas,Texas,,,,,,,,,,,,,,,,,,
498,Mexico,Rio_Grande,Mexico,Texas,Texas,Mexico,Mexico_City,Texas,,,,,,,,,,,,,,,,,,,,,
499,Mexico,Texas,Tampico,New_Orleans,Britain,,,,,,,,,,,,,,,,,,,,,,,,
500,Mexico,Texas,,,,,,,,,,,,,,,,,,,,,,,,,,,
501,Mexico,,,,,,,,,,,,,,,,,,,,,,,,,,,,
502,Mexico,Texas,Mexican_Republic,Mexico,Mexico,Mexican_Republic,Texas,,,,,,,,,,,,,,,,,,,,,,
503,Mexico,Texas,Texas,Mexico,Texas,Mexico,Mexican_Republic,Mexico,Mexico,Jordan,Mexico,,,,,,,,,,,,,,,,,,
504,Texas,Mexico,Spanish_America,Mexico,Texas,Mexico,Texas,Mexico,Mexico,Texas,Mexico,France,Texas,Texas,Texas,,,,,,,,,,,,,,
505,Mexico,Mexican_Republic,Texas,Mexico,Texas,Mexico,Texas,Texas,Mexico,,,,,,,,,,,,,,,,,,,,
506,Texas,Mexico,Texas,Texas,Mexico,United_States,Mexico_City,Texas,Texas,Mexico,Texas,San_Jacinto,Mexico,Texas,Mexico,,,,,,,,,,,,,,
507,Mexico,Texas,Republic,Mexico,Texas,Mexico,Texas,Mexico,Texas,Mexico,Young_Republic,Texas,United_States,,,,,,,,,,,,,,,,
508,Spain,United_States,Europe,Great_Britain,Texas,Texas,French,Texas,England,Mexico,Texas,Mexican_Republic,Mexico,Texas,Texas,France,European,Texas,Texas,Palmerston,Great_Britain,Great_Britain,Texas,,,,,,
509,Mexico,Texas,Specifi,Mexico,Texas,Texas,Mexico_City,Mexico,Mexico,Mexico,Texas,Mexico,Texas,,,,,,,,,,,,,,,,
510,Mexico,Mexico,Texas,Mexico,Texas,Texas,Mexico_City,Mexican_Republic,Mexico,,,,,,,,,,,,,,,,,,,,
511,Mexico,Mexico,London,Europe,Literpreta,Atlantic,,,,,,,,,,,,,,,,,,,,,,,
512,Texas,Rio_Grande,,,,,,,,,,,,,,,,,,,,,,,,,,,
513,_under_the_contract_and_Law_Referd._to,_then_the_Govmt_mAist_say_where_they_are_to_go,_or_pass_this_Special_order_or_decree._None_have_appeared_yet_that_I_know_of,_and_it_re-_mains_to_be_seen_when_they_will._My_impression_is_that_the_Govmt._had_in_view_the_Lands_between_the_Nueces_and_~~Rio_Grande~~_to_locate_the_25,000,000_or_to_place_the_settlers;_how_they_will_proceed_now,_or_when_the_time_arrives_for_them_to_act,_I_cannot_say._Thus_you_have_my_views_of_the_important_claims_of_said_documents,_but_if_you_have_a_careful_and_intelligent_translator_in_the_State_Departm^ntj_you_will_find_the_whole_perhaps_worth_translating._All_which_is_respectfully_submitted._I_remain_with_great_respect_and_consideration,_Your_most_obt_and_Hble_St,_~PERSON~James_Treat~~PERSON~._To_Gen._~PERSON~M._B._Lamar~~PERSON~._~~Texas~~,._Treat_to_~PERSON~Lamar~~PERSON~.*_[ConfidentUl.]_~~Mexico~~LOCATION~_February_8th._1840._P._M._Dear_Sir:_I_beg_leave_to_refer_you_to_my_several_late_advices,_22d._~PERSON~Jany~~PERSON~,_31st_~PERSON~Jany~~PERSON~__closed_1st_Feby,_and_1st_4th._6th,_7th._and_8th._instant;_all_which_are_yet_without_duplicates,_which_however_Shall_very_soon_be_on_their_way._Beferring_you_more_especially_to_my_Respects_of_6th._inst,_written_Very_hastily_as_you_will_perceive,_I_will_now_inform_you_of_the_result_of_Mr._~PERSON~Canedo~~PERSON~'s_final_determination_of_the_point_at_issue,_with_some_~ORGANIZATION~A._L._&,,,,,,,,,
514,Mexico,Pensacola,Tampico,New_Orleans,Mexico,Great_Britain,,,,,,,,,,,,,,,,,,,,,,,
515,Texas,Britain,,,,,,,,,,,,,,,,,,,,,,,,,,,
516,Mexico,Texas,Texas,,,,,,,,,,,,,,,,,,,,,,,,,,
517,Texas,Mexico,,,,,,,,,,,,,,,,,,,,,,,,,,,
518,Texas,,,,,,,,,,,,,,,,,,,,,,,,,,,,
519,Mexico,Texas,Texas,Texas,Santa,,,,,,,,,,,,,,,,,,,,,,,,
520,Mexico,Texas,Texas,Texas,,,,,,,,,,,,,,,,,,,,,,,,,
521,Mexico,Texas,Texas,London,New_Orleans,Batifi,,,,,,,,,,,,,,,,,,,,,,,
522,Mexico,New_Orleans,Vera_Cruz,,,,,,,,,,,,,,,,,,,,,,,,,,
523,Lamab,Mexico,Texas,Texas,,,,,,,,,,,,,,,,,,,,,,,,,
524,Mexico,Texas,Mexico,,,,,,,,,,,,,,,,,,,,,,,,,,
525,Texas,Texas,Mexico,Mexico,,,,,,,,,,,,,,,,,,,,,,,,,
526,Mexico,Texas,Texas,,,,,,,,,,,,,,,,,,,,,,,,,,
527,Texas,Mexico,Mexico,Texas,Texas,Mexico,Texas,Mexico,,,,,,,,,,,,,,,,,,,,,
528,Mexico,Mexico,Texas,Texas,Texas,Texas,,,,,,,,,,,,,,,,,,,,,,,
529,Mexico,Texas,Texas,Texas,Mexico,Texas,,,,,,,,,,,,,,,,,,,,,,,
530,Mexico,Mexico,Mexico,New_Orleans,,,,,,,,,,,,,,,,,,,,,,,,,
531,Rio_Bravo,Monterey,Matamoros,Texas,Texas,Texas,,,,,,,,,,,,,,,,,,,,,,,
532,Mexico,Lamab,New_Orleans,Tuoatan,South_Coast_Shew,,,,,,,,,,,,,,,,,,,,,,,,
533,Arista,Texas,Texas,Texas,London,United_States,United_States,,,,,,,,,,,,,,,,,,,,,,
534,Mexico,Mexico,Texas,Mexico,Mexico,Texas,Great_Britain,Texas,Texas,,,,,,,,,,,,,,,,,,,,
535,Mexico,Britain,Rio_Grande,Mexico,,,,,,,,,,,,,,,,,,,,,,,,,
536,Mexico,Texas,Austin,Mexico,Republic_of_Texas,Mexico,Mexico_City,Mexico,London,Mexico,Texas,,,,,,,,,,,,,,,,,,
537,Texas,Texas,Texas,Mexico,Mexico,Texas,Mexico_City,Texaa,,,,,,,,,,,,,,,,,,,,,
538,Mexico,Merida,Campeche,South_Coast,Zelaya,Guanahuato,States,Texas,Texas,United_States,,,,,,,,,,,,,,,,,,,
539,New Orleans,Texas,Woodbury,,,,,,,,,,,,,,,,,,,,,,,,,,
540,Mexico,Mexico,Texas,,,,,,,,,,,,,,,,,,,,,,,,,,
541,Texas,Texas,Texas,,,,,,,,,,,,,,,,,,,,,,,,,,
542,Mexico,Svhstance,Texas,,,,,,,,,,,,,,,,,,,,,,,,,,
543,Mexico,Texas,Texas,Rio_Bravo_del_Norte,,,,,,,,,,,,,,,,,,,,,,,,,
544,Mexico,Texas,Texas,Texas,Texas,,,,,,,,,,,,,,,,,,,,,,,,
545,Great_Britain,Lon,Washington,Texas,Texas,Texas,Meodi,Texas,Mexico,Texas,Mexico,Mexico,Bravo,Sabine,,,,,,,,,,,,,,,
546,Mexico,Mexico,Brussels,Texas,,,,,,,,,,,,,,,,,,,,,,,,,
547,United States,Texas,,,,,,,,,,,,,,,,,,,,,,,,,,,
548,Texas,Texas,Burnley,London,Texas,Texas,,,,,,,,,,,,,,,,,,,,,,,
549,Burnley,Texas,Mexico,London,Mexico,Mexico,Mexico_City,Texas,,,,,,,,,,,,,,,,,,,,,
550,Mexico,Mexico,Mexico,Austin,New_Orleans,Scotland,Mexico_City,Texas,Tamaulipas,Rio_Bravo_del_Norte,,,,,,,,,,,,,,,,,,,
551,Scotland,Mexico,Texas,Texas,Nueces,Texas,Texas,Texas,Texas,,,,,,,,,,,,,,,,,,,,
552,Texas,Texas,Texas,West,Gulf_of_Mexico,,,,,,,,,,,,,,,,,,,,,,,,
553,Mexico,Rio_Grande,United_States,Spain,Texas,Texas,Texas,Texas,Texas,Mexico,Texas,Tamaulipas,Tamaulipas,,,,,,,,,,,,,,,,
554,New Orleans,Scotland,Scotland,Parras,Coahuila,Texas,Mexico_City,Texas,Mexico,Texas,Coahuila,Texas,Mexico,Texas,Texas,,,,,,,,,,,,,,
555,Mexican_Republic,,,,,,,,,,,,,,,,,,,,,,,,,,,,
556,Mexico,Mexico,Mexico,V._Cruz,Ameri,Tampico,,,,,,,,,,,,,,,,,,,,,,,
557,New Orleans,Morelos,Campeche,,,,,,,,,,,,,,,,,,,,,,,,,,
558,Mexico,Texas,Texas,Mexico,Texas,,,,,,,,,,,,,,,,,,,,,,,,
559,Tucatcm,Tampico,Tampico,New_Orleans,,,,,,,,,,,,,,,,,,,,,,,,,
560,Texas,Palmerston,New_Orleans,North,Texas,France,Havana,New_York,Texas,Mexico,Texas,,,,,,,,,,,,,,,,,,
561,Texas,Mexo,Mexico,Tampico,United_States,,,,,,,,,,,,,,,,,,,,,,,,
562,Mexico,Govmermt,Texas,Pakenham,Texas,,,,,,,,,,,,,,,,,,,,,,,,
563,New Orleans,Mexico,Texas,Texas,Texas,,,,,,,,,,,,,,,,,,,,,,,,
564,Mexico,Texas,Mexico,Texas,Mexico,Texas,Lipsoomb,New_Orleans,,,,,,,,,,,,,,,,,,,,,
565,Mexico,Texas,Pueblo_Vera_Cruz,Monterey_Matamoras,Tampico,Rio_Grande_Country,Texas,Rio_Grande,Texas,Texas,Texas,Texas,Texas,Texas,Lord_Palmerston,England,Texas,Texas,,,,,,,,,,,
566,Mexico,Rio_Grande,France,France,Texas,Santa_Anna,Mexico_City,Mexico,Mexico,Sonora,Chihuahua,Guadalajara,,,,,,,,,,,,,,,,,
567,Rio_Grande,Washington,Texas,Texas,Mexico,Texas,Tampico,,,,,,,,,,,,,,,,,,,,,,
568,Mexico,Texas,Texas,Texas,Texas,,,,,,,,,,,,,,,,,,,,,,,,
569,Burnet,Mexico,Texas,Texas,,,,,,,,,,,,,,,,,,,,,,,,,
570,Texas,,,,,,,,,,,,,,,,,,,,,,,,,,,,
571,Santa,Santa_Anna,Tampico,Mexifco,Santa_Anna,Mexico,Mexico_City,Santa_Anna,Mexico,New_Orleans,Texas,Texas,,,,,,,,,,,,,,,,,
572,Mexico,Mexico,Mexico,Mexico,England,Jalapa,Pueblo,,,,,,,,,,,,,,,,,,,,,,
573,Mexico,Mountains,Mexico,Mexico,Chihuahua_City,Spain,Texas,,,,,,,,,,,,,,,,,,,,,,
574,Texas,Rio_Grande,Rio_Nueces,Texas,Rio_Nueces,Texas,Durango,District_of_Durango,Tamaulipas,Rio_Nueces,Durango,Zaca,New_Leon,Mexico,Texas,Rio_Grande,Texas,Texas,Mexico,Mexican_Bay,Pacific,Santa_Ana,Guadalahara,Rio_Grande,Texas,,,,
575,Santa_Anna,Santa_Fe,Texas,North,England,Texas,Colorado,Tampico,Rio_Grande,Mexico,,,,,,,,,,,,,,,,,,,
576,Texas,Memphis,New_Orleans,Texas,Philadel,Texas,Mexico_City,,,,,,,,,,,,,,,,,,,,,,
577,Mexico,Santa_Anna,Mexican,Mexico,Mexico,Texas,Mexico_City,Texas,Texas,,,,,,,,,,,,,,,,,,,,
578,Mexico,Texas,Texas,France,Texas,Mexico,Mexico_City,Texas,Rio_Grande,Rio_Grande,Tamaulipas,New_Leon,Coahuala,Rio_Grande,,,,,,,,,,,,,,,
579,Texas,Cana,Texas,Matamoros,Tampico,Rio_Grande_Country,Mexico_City,Santa_Anna,Mexico,Mexico,Pawnee,Meidco,,,,,,,,,,,,,,,,,
580,Mexico,Mexico,Mexico,Mexico,Santa_Anna,Texas,Mass,,,,,,,,,,,,,,,,,,,,,,
581,Mexico,England,Mexico,,,,,,,,,,,,,,,,,,,,,,,,,,
582,Mexico,Texas,North_West,Texas,Spanish,Mexico,Mexican_Republic,Texas,,,,,,,,,,,,,,,,,,,,,
583,Santa_Anna,Rio_Grande,Colorado,Texas,Tampico,Rio_Grande_Country,Texas,Mexico,Texas,San_Jacinto,Mexico,Texas,Mexico,,,,,,,,,,,,,,,,
584,Mexico,Mexico,Texas,Mexico,Mexico,Texas,Mexico_City,American_City,Mexico,Rio_Grande,Mexico,,,,,,,,,,,,,,,,,,
585,Chiuhuachua,Chihuahua,Chiuhuachua,South,Mata,Casa,Rio_Nuices,Rio_Grande,Nut_River,Casa,Mexico,Rio_Grande,Caman,Texas,Mexico,,,,,,,,,,,,,,
586,Mexico,Texas,Texas,Mexico,Texas,Mata,Rio_Grande_Country_West,Matamoros,Texas,Rio_Grande,Texas,Zacatecas,City,Guadalajara,Mexico,Tampico,Matamoras,Chiahuahchua,Texas,Texas,Mexico,Texas,,,,,,,
587,Texas,Mexico,Texas,France,United_States,Texas,Mexico_City,Mexico,Texas,Republic_of_Mexico,Texas,,,,,,,,,,,,,,,,,,
588,Mexico,Rio_Grande,Yucatan,Valadolid,Texas,Mexico,Rio_Grande,River,Texas,,,,,,,,,,,,,,,,,,,,
589,Texas,,,,,,,,,,,,,,,,,,,,,,,,,,,,
590,Mexico,New_York,London,,,,,,,,,,,,,,,,,,,,,,,,,,
591,Tampico,United_States,,,,,,,,,,,,,,,,,,,,,,,,,,,
592,United States,Texas,New_Orleans,Texas,Texas,Yucatan,Campeche,,,,,,,,,,,,,,,,,,,,,,
593,Tobasco,Chiapas,Gvmt.,Yucatan,Mexico,,,,,,,,,,,,,,,,,,,,,,,,
594,Mexico,Mexico,Tampico,Mexico,Tampico,United_States,,,,,,,,,,,,,,,,,,,,,,,
595,Tampico,Tampico,,,,,,,,,,,,,,,,,,,,,,,,,,,
596,Mexico,Havana,Texas,Texas,Mexico,,,,,,,,,,,,,,,,,,,,,,,,
597,Texas,Texas,Oalveston_City,Texas,Britain,,,,,,,,,,,,,,,,,,,,,,,,
598,Mexico,Little_Penn,Point_Mariandria,West_of_Vera_Cruz,Vera_Cruz,Great_Britain,,,,,,,,,,,,,,,,,,,,,,,
599,Mexico,Matamoros,Texas,Rio_Grande,Mexico,Matamoros,United_States,,,,,,,,,,,,,,,,,,,,,,
600,Mexico,Mexico,Rio_Grande,Mexico,Mexico,,,,,,,,,,,,,,,,,,,,,,,,
601,Santa_Fb,Texas,Campeche,Yucatan,Peninsula,,,,,,,,,,,,,,,,,,,,,,,,
602,Mexico,Texas,Texas,Texas,Texas,Subservi,,,,,,,,,,,,,,,,,,,,,,,
603,Santa_Anna,New_Orleans,Havana,Texas,United_States,Texas,,,,,,,,,,,,,,,,,,,,,,,
604,Mexico,Lipsoomb,London,Texas,Mexico,,,,,,,,,,,,,,,,,,,,,,,,
605,Texas,Texas,London,Texas,Mexico,Texas,New_Orleans,,,,,,,,,,,,,,,,,,,,,,
606,Mexico,Havana,American_Port,Galveston,Mexico,Vera-Cruz,Point_Maria,Mexico,,,,,,,,,,,,,,,,,,,,,
607,Mexico,Yucatan,Galveston,Matagorda,Mexico,Washington,Texas,Mexico,,,,,,,,,,,,,,,,,,,,,
608,Mexico,Mexico,Mexico,Rio_Grande,Texas,Rio_Grande_Country,Mexico_City,,,,,,,,,,,,,,,,,,,,,,
609,Busta,Mexico,Mexico,Mexico,Mexico,Mexico,Texas,,,,,,,,,,,,,,,,,,,,,,
610,Mexico,Texas,Mexico,Mexico,Texas,Rio_Grande_Country,Mexico_City,Texas,Mexico,Texas,Texas,,,,,,,,,,,,,,,,,,
611,Rome,City_of_Mexico,Pueblo,,,,,,,,,,,,,,,,,,,,,,,,,,
612,Mexico,Yucatan,Texas,Texas,Ameri,Texas,,,,,,,,,,,,,,,,,,,,,,,
613,United States,Arkansas,United_States,Texas,Balti,Spain,Texas,Matamoros,,,,,,,,,,,,,,,,,,,,,
614,Mexico,Canaliso,Rio_Grande,Texas,Texas,Mexico,Texas,Arkansas,New_Mexico,Mexico,Mexico,Mexico,,,,,,,,,,,,,,,,,
615,Rio_Grande_Country,California,Rio_Grande_Country,United_States,Chichuachua,Tamaulipas,Coanala_y_Nuevo_Leon,Texas,Texas,Rio_Grande,Mexico,Texas,Chihuahua,,,,,,,,,,,,,,,,
616,Mexico,Spanish,San_Antonio,Braosos,Texas,Braosos,Red_River,Maives,Guadalahara,United_States,California,United_States,United_States,San_Saba,Wichita,Texas,Camargo,Alamo,Guadalajara,,,,,,,,,,
617,Washington,Mexico,Mexico,Mexico,Texas,,,,,,,,,,,,,,,,,,,,,,,,
618,Mexico,Mexico,Havana,Mexico,Washington,Texas,,,,,,,,,,,,,,,,,,,,,,,
619,Texas,Texas,Texas,Texas,Texas,Austin,London,New_York,London,,,,,,,,,,,,,,,,,,,,
620,Mexico,Mexico,United_States,Texas,Texas,Rio_Bravo_del_Norte,Mexico_City,Mexico,Mexico,Texas,Mexico,Texas,Mexico,Texas,Washington,Mexico,Mexico,,,,,,,,,,,,
621,Mexico,Texas,Texas,Mexico,Texas,Texas,,,,,,,,,,,,,,,,,,,,,,,
622,Mexico,Mexico,Texas,Texas,,,,,,,,,,,,,,,,,,,,,,,,,
623,Mexico,,,,,,,,,,,,,,,,,,,,,,,,,,,,
624,Mexico,Mexico,Texas,Texas,Texas,,,,,,,,,,,,,,,,,,,,,,,,
625,Peaoe,Texas,Mexico,,,,,,,,,,,,,,,,,,,,,,,,,,
626,Mexico,Busta,St_Augustin,Mexico,,,,,,,,,,,,,,,,,,,,,,,,,
627,Perote,St._Anna,Bimself,,,,,,,,,,,,,,,,,,,,,,,,,,
628,Mexico,Vrrea,Puehla,Texas,,,,,,,,,,,,,,,,,,,,,,,,,
629,Texas,Puebla,St._Anna,Mexico,,,,,,,,,,,,,,,,,,,,,,,,,
630,Mexico,Texas,Texas,Mexico,,,,,,,,,,,,,,,,,,,,,,,,,
631,Sta,,,,,,,,,,,,,,,,,,,,,,,,,,,,
632,Mexico,Texas,Havana,Mexico,United_States,,,,,,,,,,,,,,,,,,,,,,,,
633,Mexico,,,,,,,,,,,,,,,,,,,,,,,,,,,,
634,Mexico,Texas,Texas,Valencia,,,,,,,,,,,,,,,,,,,,,,,,,
635,Tampico,Matamoros,Mexico,Valencia,Valencia,Urea,Fareas,Urea,Busta,Mexico,,,,,,,,,,,,,,,,,,,
636,Mexico,Santa,Urea,France,,,,,,,,,,,,,,,,,,,,,,,,,
637,Mexico,Guana,Texas,Texas,Texas,Rio_Grande_Country,San_Antonio,Houston,,,,,,,,,,,,,,,,,,,,,
638,Mexico,Mexico,Spain,Texas,Santa_Anna,Gulph,Texas,Texas_Towards_Mexico,Mexico,Upscomb,,,,,,,,,,,,,,,,,,,
639,Austin_Texas,Mexico,Oalveston_City,,,,,,,,,,,,,,,,,,,,,,,,,,
640,Mexico,Texas,,,,,,,,,,,,,,,,,,,,,,,,,,,
641,Lord_Palmerston,Va,,,,,,,,,,,,,,,,,,,,,,,,,,,
642,Mexico,,,,,,,,,,,,,,,,,,,,,,,,,,,,
643,Texas,Texas,Mexico,Texas,Mexico,Mexico,Mexico_City,Texas,Texas,Mexico,Texas,,,,,,,,,,,,,,,,,,
644,Mexico,Mexico,Mexico,Texas,Texas,Mexico,Texas,Texas,Texas,Mexico,Texas,Texas,Texas,Texas,Texas,Texas,Texas,Mexico,,,,,,,,,,,
645,Mexico,Texas,Mexico,Mexico,Mexico,Mexico,Mexico_City,Earnest,Mexico,Mexico,Galveston,Ltpacomh,,,,,,,,,,,,,,,,,
646,Mexico,,,,,,,,,,,,,,,,,,,,,,,,,,,,
647,Havana,New_Orleans,,,,,,,,,,,,,,,,,,,,,,,,,,,
648,Mexico,New_Orleans,Texas,Wales,Matagorda,Texas,,,,,,,,,,,,,,,,,,,,,,,
649,San_Jacinto,San_Jacinto,San_Bernard,Galveston,Mexican_Grovem,Point_Mariandrea,Sacraficious,Treat_City_of_Mexico,,,,,,,,,,,,,,,,,,,,,
650,Mexico,Pakbnham,Texas,Longitude,Texas,Galveston,Mexico_City,Honble,Texas,Mexico,Texas,,,,,,,,,,,,,,,,,,
651,Texas,San_Bernard,Galveston,Brazos_De_Santiago,San_Jacinto,Point_Mariandrea,Cruize,,,,,,,,,,,,,,,,,,,,,,
652,Mexico,Honble,San_Jacinto,Mexico,Mexico,,,,,,,,,,,,,,,,,,,,,,,,
653,Va,New_Orleans,Sante,Texas,,,,,,,,,,,,,,,,,,,,,,,,,
654,Mexico,Texas,Texas,Campeche,Texas,,,,,,,,,,,,,,,,,,,,,,,,
655,New_Oris,Havana,Pensacola,New_Orleans,Galveston,Galveston,Texas,Mexico,,,,,,,,,,,,,,,,,,,,,
656,Mexico,Texas,Campeche,Mexico,Texas,Mexico,Texas,Mexico,Mexico,Texas,Mexico,,,,,,,,,,,,,,,,,,
657,Mexico,Texas,Texas,Mexico,Texas,Texas,Texas,Texas,Mexico,Mexico,Texas,Mexico,Texas,,,,,,,,,,,,,,,,
658,Mexico,Mexico,Texas,Texas,,,,,,,,,,,,,,,,,,,,,,,,,
659,Vera_Cruz,Texas,Mexico,Mexico,Mexico,,,,,,,,,,,,,,,,,,,,,,,,
660,Mexico,Texas,,,,,,,,,,,,,,,,,,,,,,,,,,,
661,Va,Texas,Rio_Bravo_del_Norte,Texas,Texas,Mexico,,,,,,,,,,,,,,,,,,,,,,,
662,Mexico,Texas,Mexico,Texas,Mexico,Texas,Texas,Mexico,Texas,Texas,Mexico,Mexico,Mexico,Mexico,,,,,,,,,,,,,,,
663,Mexico,Texas,Rio_Bravo_del_Norte,Said_River,Side_of_Said_River,Said_Rio_Bravo,Mexico_City,Texas,Mexico,Mexico,,,,,,,,,,,,,,,,,,,
664,Mexico,Havana,London,Via_N._York,Burnley,,,,,,,,,,,,,,,,,,,,,,,,
665,Mexico,Lifsoomb,Mexico,Texas,Mexico,New_Orleans,Galveston,,,,,,,,,,,,,,,,,,,,,,
666,Texas,Texas,Victoria_de_Tamaulipas,Brazos,Victoria,,,,,,,,,,,,,,,,,,,,,,,,
667,Mexico,Galveston,New_Orleans,Texas,Texas,Austin,Austin,Mexico,,,,,,,,,,,,,,,,,,,,,
668,Tampico,Tampico,Tampico_Bar,River,Fort,Texas,Mexico_City,Texas,Tampico,Lobos,,,,,,,,,,,,,,,,,,,
669,Mexico,Island,,,,,,,,,,,,,,,,,,,,,,,,,,,
670,Washington,Texas,Mexico,Nacogdoches,Nacog,United_States,,,,,,,,,,,,,,,,,,,,,,,
671,Mexico,Texas,Nacogdoches,Texas,Mexico,Mexico,,,,,,,,,,,,,,,,,,,,,,,
672,Mexico,Mexico,,,,,,,,,,,,,,,,,,,,,,,,,,,
673,Mexico,Texas,Mexico,Texas,Galveston,New_Orleans,Texas,Mexico,Texas,Mexico,Mexico,Mexico,Texas,Texas,Mechoacan,Guada,New_Mexico,Victoria,Rio_Grande,Texas,,,,,,,,,
674,Rio_Grande_Country,Galveston,Mexico,San_Antonio,Port,Mexico,Mexico_City,,,,,,,,,,,,,,,,,,,,,,
675,Mexico,Texas,Mexico,Yucatlln,,,,,,,,,,,,,,,,,,,,,,,,,
676,Mexico,Texas,Texas,Texas,Mexico,Mexico,Texas,Mexico,Texas,Rio_Grande,River,,,,,,,,,,,,,,,,,,
677,Mexico,Mexico,Mexico,Texas,Packenham,Mexico,Mexico_City,Mexico,,,,,,,,,,,,,,,,,,,,,
678,Mexico,Texas,Texas,Texas,Mexico,,,,,,,,,,,,,,,,,,,,,,,,
679,Mexico,Mexico,Texas,Texas,Mexico,,,,,,,,,,,,,,,,,,,,,,,,
680,Mexico,Texas,Mexico,Esq,Mexico,Texas,Southard,San_Antonio,,,,,,,,,,,,,,,,,,,,,
681,Mexico,Esq,Mexico,Texas,Rio_Grande,River,Jalapa,,,,,,,,,,,,,,,,,,,,,,
682,Mexico,Texas,Texas,Hamilton,Cor,Great_Britain,,,,,,,,,,,,,,,,,,,,,,,
683,Mexico,Mexico,Mexico,San_Jacinto,,,,,,,,,,,,,,,,,,,,,,,,,
684,Va,Texas,Mexico,,,,,,,,,,,,,,,,,,,,,,,,,,
685,Mexico,New_Orleans,Havana,Pacific,Mexico,Mexico,Texas,Texas,Col_Bee,Mexico,,,,,,,,,,,,,,,,,,,
686,Texas,Mexico,Texas,Guadalajara,Guanajato,Queretero,St._Luis_Potosi_Durango,Zacatexas,San_Bernard,Mexico,Mexico,Texas,Texas,Republic_of_Texas,Mexico,,,,,,,,,,,,,,
687,Mexico,Galveston,Mexico,Lord_Palmerston,Mexico,Mexico,Mexico_City,Port,Mexico,,,,,,,,,,,,,,,,,,,,
688,England,Rio_Grande,Texas,Mexico,Rio_Grande,River,Brasos_Santiago,Mexico,Texas,Mexico,Brasos_Santiago,Rio_Grande,Western_Bank_of_the_River,,,,,,,,,,,,,,,,
689,Mexico,Texas,Mexican_States,Mexico,Texas,Mexico,Texas,Mexico,,,,,,,,,,,,,,,,,,,,,
690,Mexico,Mexico,Col_Bee,Mexico,Mexico,England,Texas,Burnet,Texas,Pakenham,,,,,,,,,,,,,,,,,,,
691,Mexico,Pakbnham,Pakenham,Texas,Texas,Mexico,Texas,Mexico,Lamab,Moba,New_Mexico,Rio_Gbande,Austin,Santa,Texas,,,,,,,,,,,,,,
692,Santa,Santa,District_of_Santa,Santa_fe,Santa,,,,,,,,,,,,,,,,,,,,,,,,
693,Mexico,Mexico,Texas,United_States,England,France,Belgium,Holland,,,,,,,,,,,,,,,,,,,,,
694,Santa,Santa,Santa,Santa,,,,,,,,,,,,,,,,,,,,,,,,,
695,Mexico,Mexico,Mexico,,,,,,,,,,,,,,,,,,,,,,,,,,
696,Santa_f6,Santa,,,,,,,,,,,,,,,,,,,,,,,,,,,
697,Mexico,Brenham,Santa,Santa,Texas,,,,,,,,,,,,,,,,,,,,,,,,
698,Santa,Santa,Santa,,,,,,,,,,,,,,,,,,,,,,,,,,
699,Mexico,Mexico,Mexico,Mexico,,,,,,,,,,,,,,,,,,,,,,,,,
700,Mexico,,,,,,,,,,,,,,,,,,,,,,,,,,,,
701,Mexico,Santa,Uribb,Statjj_City,Austin,Mayfleld,Texas,Texas,,,,,,,,,,,,,,,,,,,,,
702,Austin,Mexico,Rio_Grande,Texas,,,,,,,,,,,,,,,,,,,,,,,,,
703,Mexico,Mexico,Texas,Texas,,,,,,,,,,,,,,,,,,,,,,,,,
704,Texas,Mexico,Mexico,Texas,,,,,,,,,,,,,,,,,,,,,,,,,
705,Mexico,Texas,Mexico,Maytield,Galveston,Mexico,Mexico_City,Mexico,Vera_Cruz,Harbor,Texas,Texas,,,,,,,,,,,,,,,,,
706,Harbor,Island_of_Lobos,Mexico,Mexico,Majestad_Britanica_y_el_de_Texas,,,,,,,,,,,,,,,,,,,,,,,,
707,Mexico,Texas,Eubrica,San_Bernard_Harbor_of_Sacrificios,Mexico,Texas,Texas,Mexico,Mexico,Great_Britain,Texas,,,,,,,,,,,,,,,,,,
708,Mexico,Texas,Mexico,Mexico,Mexico,Harbor,Mexico_City,Texas,Mexico,Texas,Europe,Lord_Palmerston,Pakenbam,,,,,,,,,,,,,,,,
709,Mexico,Mexico,Mexico,Mexico,Mexico,Mexico,Mexico_City,Mission_Mexico,Vera_Cruz,Texas,Mexico,,,,,,,,,,,,,,,,,,
710,Texas,Mexico,Texas,Texas,Mexico,Mexico,Texas,Mexico,Texas,Texas,Texas,,,,,,,,,,,,,,,,,,
711,Mexico,Texas,Mexico,Texas,Mexico,Mexico,Texas,,,,,,,,,,,,,,,,,,,,,,
712,Texas,Mexican_Republic,Mexico,Mexico,Mexico,Texas,,,,,,,,,,,,,,,,,,,,,,,
713,San_Berkabd_Saarificios,Texas,Mexico,Texas,Mexico,Mexico,Mexico_City,Texas,Mexico,Texas,Texas,,,,,,,,,,,,,,,,,,
714,Viscount_Palmerston,Burnley,Texas,Texas,Mexico,Mexico,Mexico_City,Texas,,,,,,,,,,,,,,,,,,,,,
715,Mexico,Mexico,Texas,Mexico,England,Mexico,Mexico_City,Mexico,Mexico,,,,,,,,,,,,,,,,,,,,
716,Texas,Yucatan,Trfjasco,Texas,Rio_Grande,,,,,,,,,,,,,,,,,,,,,,,,
717,Mexico,Yucatan,,,,,,,,,,,,,,,,,,,,,,,,,,,
718,Houston,Yucatan,Mexico,Mexico,Yucatan,,,,,,,,,,,,,,,,,,,,,,,,
719,Mexico,Galveston,essen,Mexico,Texas,Yucatan,,,,,,,,,,,,,,,,,,,,,,,
720,San_Bernard,San_Anfnnin,Galveston,Galveston,Texas,,,,,,,,,,,,,,,,,,,,,,,,
721,San_Antonio,Austin,Yucatan,Austin,Yucatan,Mexico,Texas,Texas,Mexico,Mexico,Texas,,,,,,,,,,,,,,,,,,
722,San_Antonio,San_Antonio,Guerrero,Rio_Grande,Monterrey,Republic_of_Texas,Texas,Texas,Texas,,,,,,,,,,,,,,,,,,,,
723,Mexico,Texas,Texas,Guerrero,,,,,,,,,,,,,,,,,,,,,,,,,
724,Sierra_Madre,Mexico,Santa_Anna,,,,,,,,,,,,,,,,,,,,,,,,,,
725,Mexico,Mexico,Mexico,Mexico,Texas,Texas,Texas,,,,,,,,,,,,,,,,,,,,,,
726,Texas,Texas,Mexico,Texas,Texas,Texas,,,,,,,,,,,,,,,,,,,,,,,
727,Mexico,Mexico,,,,,,,,,,,,,,,,,,,,,,,,,,,
728,Matamoros,Texas,Rio_Grande,Monterray,Guerrero,Monterrey,Monterrey,Texas,,,,,,,,,,,,,,,,,,,,,
729,Mexico,Texas,Rio_Nueces,Texas,Mexico,Texas,Texas,Texas,San_Jacinto,Monterrey,,,,,,,,,,,,,,,,,,,
730,Rio_Grande,Mexico,Monterrey,Goliad,Texas,Texas,,,,,,,,,,,,,,,,,,,,,,,
731,Mexico,Rtibrica,Brenham,Chihuahua,Mexico,Texas,Austin,Texas,,,,,,,,,,,,,,,,,,,,,
732,Santa_Fe,Palo_Duro,Santa_Fe,Taos,Palo_Duro,New_Mexico,San_Miguel,Red_River,San_Miguel,San_Miguel,San_Antonio,,,,,,,,,,,,,,,,,,
733,Mexico,Pecos,San_Miguel,New_Mexico,San_Miguel,,,,,,,,,,,,,,,,,,,,,,,,
734,Texas,San_Aliguel,Santa_Fe,Militia,Santa_Fe,,,,,,,,,,,,,,,,,,,,,,,,
735,Mexico,Texas,Mexico,New_Mexico,Chihuahua_City,San_Miguel,,,,,,,,,,,,,,,,,,,,,,,
736,Mexico,Santa_Fe,Chihuahua,New_Mexico,California,Mexico,Mexico_City,Chihuahua,Mexico,,,,,,,,,,,,,,,,,,,,
737,Mexico,Santa_Anna,Houston,Somervell,,,,,,,,,,,,,,,,,,,,,,,,,
738,Somervell,Somervell,Houston,Somervell,Somervell,Houston,Washington,Texas,United_States,Columbus,England,Texas,Mexico,,,,,,,,,,,,,,,,
739,Mexico,Guadalupe,Houston,Washington,Mexico,Mexico,Rio_Grande,Texas,Rio_Grande,Santa,Texas,Texas,,,,,,,,,,,,,,,,,
740,Mexico,Monclova,Saltillo,San_Luis_Potosi,Rio_Grande,Mata,Mexico_City,Texas,Mexico,Texas,Texas,Mexico,Hockley,Houston,Hockley,Washington,Hockley,Texas,,,,,,,,,,,
741,Mexico,Mexico,Mexico,Mexico,Mexico,Texas,Texas,,,,,,,,,,,,,,,,,,,,,,
742,Matamoros,Grentlemen,Mexico,British_Charg,Mexico,England,Mexico_City,Texas,Mexico,Texas,Mexico,United_States,United_States,Texas,Mexico,,,,,,,,,,,,,,
743,Mexico,New_Orleans,Houston,Houston,Washington,Texas,Mexico_City,Texas,Santa_Anna,United_States,United_States,Mexico,Texas,,,,,,,,,,,,,,,,
744,Washington,Mexico,Texas,United_States,United_States,United_States,United_States,United_States,,,,,,,,,,,,,,,,,,,,,
745,Mexico,Mexico,Eluot,Mexico,Texas,Sauigny,Mexico_City,Texas,Mexico,United_States,United_States,,,,,,,,,,,,,,,,,,
746,Texas,Yucatan,Gulf_of_Mexico,Yucatan,Texas,Texas,Texas,Texas,Texas,,,,,,,,,,,,,,,,,,,,
747,Mexico,Mexico,Texas,Yucatan,Yucatan,Texas,Texas,Peninsula,,,,,,,,,,,,,,,,,,,,,
748,Btibrica,,,,,,,,,,,,,,,,,,,,,,,,,,,,
749,Texas,Rubrica,Austin,Texas,Texas,,,,,,,,,,,,,,,,,,,,,,,,
750,Texas,Texas,Rtibrica,Texas,Yucat,Texas,,,,,,,,,,,,,,,,,,,,,,,
751,Yucatan,Merida,Texas,Yucat,Yucatftn,Texas,Texas,,,,,,,,,,,,,,,,,,,,,,
752,New Orleans,Texas,Rubrica,Yucat,Texas,,,,,,,,,,,,,,,,,,,,,,,,
753,Austin,Veracruz,Austin,,,,,,,,,,,,,,,,,,,,,,,,,,
754,Bepublica,,,,,,,,,,,,,,,,,,,,,,,,,,,,
755,Bubrica,,,,,,,,,,,,,,,,,,,,,,,,,,,,
756,Rtibrica,Mexico,,,,,,,,,,,,,,,,,,,,,,,,,,,
757,Texas,,,,,,,,,,,,,,,,,,,,,,,,,,,,
758,Texas,Merida,Rtibrica,Texas,,,,,,,,,,,,,,,,,,,,,,,,,
759,Rtibrica,,,,,,,,,,,,,,,,,,,,,,,,,,,,
760,Backachajw,Moool,,,,,,,,,,,,,,,,,,,,,,,,,,,
761,Austin,,,,,,,,,,,,,,,,,,,,,,,,,,,,
